,dt,businessType,revenue
0,2022-03-01,Pub,30205.728771109978
1,2022-03-02,Pub,26728.16611830999
2,2022-03-03,Pub,23253.45493449
3,2022-03-04,Pub,23224.89119108
4,2022-03-05,Pub,54341.06520582496
5,2022-03-06,Pub,39464.85030377999
6,2022-03-07,Pub,16622.85158444001
7,2022-03-08,Pub,18056.63491468501
8,2022-03-09,Pub,19053.79693103001
9,2022-03-10,Pub,18657.76416793501
10,2022-03-11,Pub,17291.041290815
11,2022-03-12,Pub,43767.18586196998
12,2022-03-13,Pub,33107.92078975998
13,2022-03-14,Pub,13067.394147260009
14,2022-03-15,Pub,14179.972789815
15,2022-03-16,Pub,16494.24296194
16,2022-03-17,Pub,15859.523604365
17,2022-03-18,Pub,14418.89862585
18,2022-03-19,Pub,38128.28076395998
19,2022-03-20,Pub,28224.72558652499
20,2022-03-21,Pub,9789.06134145
21,2022-03-22,Pub,11155.16491877
22,2022-03-23,Pub,14181.764100895
23,2022-03-24,Pub,13241.59142275
24,2022-03-25,Pub,12604.254757069999
25,2022-03-26,Pub,28639.504077675
26,2022-03-27,Pub,24002.06326161
27,2022-03-28,Pub,10533.63167637
28,2022-03-29,Pub,9512.42848235
29,2022-03-30,Pub,12594.45235022
30,2022-03-31,Pub,12598.560954710001
31,2022-04-01,Pub,12029.75973678
32,2022-04-02,Pub,29261.06880994499
33,2022-04-03,Pub,20665.36921764001
34,2022-04-04,Pub,8708.029794
35,2022-04-05,Pub,10328.72096834
36,2022-04-06,Pub,9659.868860265
37,2022-04-07,Pub,12181.735539239999
38,2022-04-08,Pub,10919.94982285
39,2022-04-09,Pub,23924.24811406502
40,2022-04-10,Pub,18831.05627347
41,2022-04-11,Pub,7672.132707205
42,2022-04-12,Pub,8249.532049545
43,2022-04-13,Pub,10203.328186185001
44,2022-04-14,Pub,9136.712129565001
45,2022-04-15,Pub,10579.47611947
46,2022-04-16,Pub,26612.663111415
47,2022-04-17,Pub,19847.91251136501
48,2022-04-18,Pub,7230.172874015
49,2022-04-19,Pub,7133.247797565
50,2022-04-20,Pub,8285.670032610002
51,2022-04-21,Pub,9542.33598687
52,2022-04-22,Pub,10111.420898815
53,2022-04-23,Pub,24652.97900714999
54,2022-04-24,Pub,18742.95672487501
55,2022-04-25,Pub,8086.7143928099995
56,2022-04-26,Pub,7282.888824305001
57,2022-04-27,Pub,7176.937237575
58,2022-04-28,Pub,9061.018656575
59,2022-04-29,Pub,9831.060378795
60,2022-04-30,Pub,22781.605540509998
61,2022-05-01,Pub,19231.345335455
62,2022-05-02,Pub,7076.884578990001
63,2022-05-03,Pub,7251.76495429
64,2022-05-04,Pub,7587.601843945
65,2022-05-05,Pub,7531.58090972
66,2022-05-06,Pub,8848.06642718
67,2022-05-07,Pub,24218.031558669998
68,2022-05-08,Pub,19241.72779797501
69,2022-05-09,Pub,6804.927712520001
70,2022-05-10,Pub,5948.537192530001
71,2022-05-11,Pub,5404.6479181999985
72,2022-05-12,Pub,7213.618324145
73,2022-05-13,Pub,9242.57538722
74,2022-05-14,Pub,23738.391857535
75,2022-05-15,Pub,18140.811851350012
76,2022-05-16,Pub,6051.040054795
77,2022-05-17,Pub,6682.62479565
78,2022-05-18,Pub,5668.62758669
79,2022-05-19,Pub,7814.147612885
80,2022-05-20,Pub,8689.362729585
81,2022-05-21,Pub,23686.36771825999
82,2022-05-22,Pub,20020.64310540501
83,2022-05-23,Pub,7190.93449989
84,2022-05-24,Pub,5335.048434489999
85,2022-05-25,Pub,5668.170399235001
86,2022-05-26,Pub,6746.969472445
87,2022-05-27,Pub,8266.112153225
88,2022-05-28,Pub,20788.88351579001
89,2022-05-29,Pub,19360.27594383501
90,2022-05-30,Pub,7988.676507275
91,2022-05-31,Pub,5986.732844505
92,2022-06-01,Pub,5680.983063260001
93,2022-06-02,Pub,7792.014219205
94,2022-06-03,Pub,8464.023241275001
95,2022-06-04,Pub,21497.88569997001
96,2022-06-05,Pub,19577.65191930501
97,2022-06-06,Pub,7311.38948329
98,2022-06-07,Pub,6915.712933485001
99,2022-06-08,Pub,6194.869506725
100,2022-06-09,Pub,6417.07518497
101,2022-06-10,Pub,7952.247985805
102,2022-06-11,Pub,24802.827180115
103,2022-06-12,Pub,18836.829645825
104,2022-06-13,Pub,6601.252209075
105,2022-06-14,Pub,5851.504461715
106,2022-06-15,Pub,6187.520299825001
107,2022-06-16,Pub,6926.785549435
108,2022-06-17,Pub,8948.91043609
109,2022-06-18,Pub,23490.426241039997
110,2022-06-19,Pub,20758.74433631
111,2022-06-20,Pub,6683.197663125
112,2022-06-21,Pub,6078.818983665
113,2022-06-22,Pub,6744.171540245
114,2022-06-23,Pub,8205.42636138
115,2022-06-24,Pub,6858.5640954
116,2022-06-25,Pub,20233.5270687
117,2022-06-26,Pub,23666.49727569501
118,2022-06-27,Pub,7133.154405455
119,2022-06-28,Pub,5396.179521515001
120,2022-06-29,Pub,5588.06506968
121,2022-06-30,Pub,6259.28743898
122,2022-07-01,Pub,7775.188795865
123,2022-07-02,Pub,20742.53109332001
124,2022-07-03,Pub,19145.85325238501
125,2022-07-04,Pub,7039.372531255001
126,2022-07-05,Pub,5756.9145905450005
127,2022-07-06,Pub,5756.647271124999
128,2022-07-07,Pub,6945.564521410001
129,2022-07-08,Pub,7725.06041461
130,2022-07-09,Pub,23530.79666074501
131,2022-07-10,Pub,20577.87853315001
132,2022-07-11,Pub,6343.257235895
133,2022-07-12,Pub,5177.323925195
134,2022-07-13,Pub,4749.64487364
135,2022-07-14,Pub,6641.585721045
136,2022-07-15,Pub,6971.160961789999
137,2022-07-16,Pub,19363.756169275
138,2022-07-17,Pub,22709.26691501
139,2022-07-18,Pub,7982.6679473799995
140,2022-07-19,Pub,5180.587622965
141,2022-07-20,Pub,5408.775189135
142,2022-07-21,Pub,5788.709977160001
143,2022-07-22,Pub,7113.628703155
144,2022-07-23,Pub,18509.964752870008
145,2022-07-24,Pub,19887.07141962
146,2022-07-25,Pub,6928.706052345
147,2022-07-26,Pub,6205.287447545
148,2022-07-27,Pub,6257.757752810001
149,2022-07-28,Pub,6758.739702825001
150,2022-07-29,Pub,7038.561037095
151,2022-07-30,Pub,19671.82367178501
152,2022-07-31,Pub,19441.51229758001
153,2022-08-01,Pub,5604.94483744
154,2022-08-02,Pub,6767.3393485550005
155,2022-08-03,Pub,5746.717089580001
156,2022-08-04,Pub,6696.98201813
157,2022-08-05,Pub,7979.55461264
158,2022-08-06,Pub,19503.25126390001
159,2022-08-07,Pub,19214.77416607501
160,2022-08-08,Pub,7544.72718706
161,2022-08-09,Pub,6099.530941695
162,2022-08-10,Pub,7135.318478445
163,2022-08-11,Pub,6052.635787375
164,2022-08-12,Pub,7974.57444014
165,2022-08-13,Pub,21334.961502424998
166,2022-08-14,Pub,18980.369252665012
167,2022-08-15,Pub,6840.10980195
168,2022-08-16,Pub,5828.97393628
169,2022-08-17,Pub,6045.572885760002
170,2022-08-18,Pub,7739.33303041
171,2022-08-19,Pub,7691.7512517899995
172,2022-08-20,Pub,22534.86307375001
173,2022-08-21,Pub,18779.78680425001
174,2022-08-22,Pub,7478.444407935
175,2022-08-23,Pub,5558.977468624999
176,2022-08-24,Pub,6188.920497080001
177,2022-08-25,Pub,7956.74688364
178,2022-08-26,Pub,7305.484392155
179,2022-08-27,Pub,22439.797902120008
180,2022-08-28,Pub,19305.030973130008
181,2022-08-29,Pub,7031.787821049999
182,2022-08-30,Pub,4704.006344199999
183,2022-08-31,Pub,4608.88877088
184,2022-09-01,Pub,6938.18451562
185,2022-09-02,Pub,7233.083193385
186,2022-09-03,Pub,19482.69914256501
187,2022-09-04,Pub,19458.60553038001
188,2022-09-05,Pub,7240.82337474
189,2022-09-06,Pub,6478.3135783
190,2022-09-07,Pub,5689.261841155001
191,2022-09-08,Pub,6757.14553303
192,2022-09-09,Pub,7035.56943415
193,2022-09-10,Pub,20079.62984863
194,2022-09-11,Pub,20013.28326769501
195,2022-09-12,Pub,8181.182137595
196,2022-09-13,Pub,5267.526976255
197,2022-09-14,Pub,5865.999296410001
198,2022-09-15,Pub,8029.19810803
199,2022-09-16,Pub,7503.61347673
200,2022-09-17,Pub,20934.26816442001
201,2022-09-18,Pub,20511.54769651
202,2022-09-19,Pub,7974.85542231
203,2022-09-20,Pub,5448.1587204200005
204,2022-09-21,Pub,5947.625171945001
205,2022-09-22,Pub,7523.821172255
206,2022-09-23,Pub,6919.248652485
207,2022-09-24,Pub,20896.18412186501
208,2022-09-25,Pub,21264.97804246001
209,2022-09-26,Pub,7199.634525535
210,2022-09-27,Pub,5226.906631125001
211,2022-09-28,Pub,6170.882131550001
212,2022-09-29,Pub,7157.9614357049995
213,2022-09-30,Pub,6802.719570515
214,2022-10-01,Pub,20824.0144725
215,2022-10-02,Pub,17269.220646655
216,2022-10-03,Pub,9045.522343515
217,2022-10-04,Pub,5557.019380705
218,2022-10-05,Pub,6028.132010585
219,2022-10-06,Pub,5913.0675433100005
220,2022-10-07,Pub,7743.12286049
221,2022-10-08,Pub,20844.746430665
222,2022-10-09,Pub,18512.960336795008
223,2022-10-10,Pub,7199.977693785
224,2022-10-11,Pub,5052.8253702599995
225,2022-10-12,Pub,5791.1739135
226,2022-10-13,Pub,6746.299590955001
227,2022-10-14,Pub,6623.182441955
228,2022-10-15,Pub,22424.69961519501
229,2022-10-16,Pub,20329.97829850001
230,2022-10-17,Pub,7321.15225018
231,2022-10-18,Pub,5269.696196730001
232,2022-10-19,Pub,4834.297624795
233,2022-10-20,Pub,6207.36222959
234,2022-10-21,Pub,6789.753197755
235,2022-10-22,Pub,21383.90009584001
236,2022-10-23,Pub,21006.19384367501
237,2022-10-24,Pub,6458.190474835
238,2022-10-25,Pub,4933.109366029999
239,2022-10-26,Pub,5351.822582925
240,2022-10-27,Pub,6001.58029515
241,2022-10-28,Pub,7205.09295483
242,2022-10-29,Pub,20605.18856385001
243,2022-10-30,Pub,18929.03397825001
244,2022-10-31,Pub,6680.852400350001
245,2022-11-01,Pub,6042.016857255001
246,2022-11-02,Pub,5095.709158604999
247,2022-11-03,Pub,6694.152087445001
248,2022-11-04,Pub,6293.15784389
249,2022-11-05,Pub,21036.74744924
250,2022-11-06,Pub,18037.03607223001
251,2022-11-07,Pub,6496.105511495001
252,2022-11-08,Pub,4931.223662335001
253,2022-11-09,Pub,6088.48833496
254,2022-11-10,Pub,5918.414630090001
255,2022-11-11,Pub,6373.832674335
256,2022-11-12,Pub,21177.62459271
257,2022-11-13,Pub,21380.02842539
258,2022-11-14,Pub,6236.173342519999
259,2022-11-15,Pub,5034.254488585
260,2022-11-16,Pub,5094.78840159
261,2022-11-17,Pub,6378.512904205
262,2022-11-18,Pub,7562.87422448
263,2022-11-19,Pub,20264.01559553001
264,2022-11-20,Pub,18943.82927150501
265,2022-11-21,Pub,7183.653850675
266,2022-11-22,Pub,6632.553928975001
267,2022-11-23,Pub,5245.881640620001
268,2022-11-24,Pub,6760.121475425
269,2022-11-25,Pub,7677.61908827
270,2022-11-26,Pub,20531.49297002001
271,2022-11-27,Pub,18991.64180779501
272,2022-11-28,Pub,7805.7885926750005
273,2022-11-29,Pub,4771.107499065001
274,2022-11-30,Pub,5934.991425490001
275,2022-12-01,Pub,6879.550324150001
276,2022-12-02,Pub,7267.620537995
277,2022-12-03,Pub,22602.55146011501
278,2022-12-04,Pub,22551.100371829998
279,2022-12-05,Pub,6042.310402620001
280,2022-12-06,Pub,5107.931650730001
281,2022-12-07,Pub,5305.934948450001
282,2022-12-08,Pub,5669.037540674999
283,2022-12-09,Pub,8004.4952943650005
284,2022-12-10,Pub,19807.90934088001
285,2022-12-11,Pub,18183.42103041001
286,2022-12-12,Pub,7286.457804665
287,2022-12-13,Pub,5297.341649475001
288,2022-12-14,Pub,5737.968744640001
289,2022-12-15,Pub,7062.57630506
290,2022-12-16,Pub,8477.749608245
291,2022-12-17,Pub,17843.73263558501
292,2022-12-18,Pub,19753.41193448501
293,2022-12-19,Pub,7033.815715405
294,2022-12-20,Pub,6379.971437450001
295,2022-12-21,Pub,5217.010820720001
296,2022-12-22,Pub,6487.92891832
297,2022-12-23,Pub,8032.44843035
298,2022-12-24,Pub,21054.75933082999
299,2022-12-25,Pub,18722.98378843001
300,2022-12-26,Pub,7188.469211485
301,2022-12-27,Pub,5188.801452759999
302,2022-12-28,Pub,5326.359350775
303,2022-12-29,Pub,6387.439611420001
304,2022-12-30,Pub,7183.179329675
305,2022-12-31,Pub,22137.28871617501
306,2023-01-01,Pub,17943.515212065002
307,2023-01-02,Pub,8091.800536365
308,2023-01-03,Pub,5166.437767070001
309,2023-01-04,Pub,5169.1183597750005
310,2023-01-05,Pub,6823.100778590001
311,2023-01-06,Pub,6922.09500825
312,2023-01-07,Pub,20346.71951884001
313,2023-01-08,Pub,18150.32173209001
314,2023-01-09,Pub,7367.633537060001
315,2023-01-10,Pub,6490.84446597
316,2023-01-11,Pub,5069.78048802
317,2023-01-12,Pub,6489.226929785
318,2023-01-13,Pub,7764.128798415
319,2023-01-14,Pub,21665.89067144001
320,2023-01-15,Pub,22651.164221885
321,2023-01-16,Pub,6558.90626685
322,2023-01-17,Pub,5653.074567405
323,2023-01-18,Pub,4760.799998425001
324,2023-01-19,Pub,5595.463495694999
325,2023-01-20,Pub,7108.58889156
326,2023-01-21,Pub,18238.80681814001
327,2023-01-22,Pub,19840.512797565
328,2023-01-23,Pub,8916.883802029999
329,2023-01-24,Pub,5939.633840315001
330,2023-01-25,Pub,5916.995837230001
331,2023-01-26,Pub,6372.19279002
332,2023-01-27,Pub,6566.85116458
333,2023-01-28,Pub,20538.91231959501
334,2023-01-29,Pub,19949.40308803501
335,2023-01-30,Pub,7343.528010195
336,2023-01-31,Pub,5006.08468306
337,2023-02-01,Pub,5298.00466507
338,2023-02-02,Pub,6143.765184115
339,2023-02-03,Pub,6862.626258565
340,2023-02-04,Pub,20927.919853975
341,2023-02-05,Pub,20730.42313062999
342,2023-02-06,Pub,7311.241222
343,2023-02-07,Pub,4548.809058900001
344,2023-02-08,Pub,4546.029805505
345,2023-02-09,Pub,5977.27359541
346,2023-02-10,Pub,6203.172994914999
347,2023-02-11,Pub,20350.31812107501
348,2023-02-12,Pub,19978.86323770001
349,2023-02-13,Pub,7442.150859575
350,2023-02-14,Pub,4894.189374584999
351,2023-02-15,Pub,4930.587754485001
352,2023-02-16,Pub,6376.791444275
353,2023-02-17,Pub,6882.345709745
354,2023-02-18,Pub,17247.436224545
355,2023-02-19,Pub,19175.43645925001
356,2023-02-20,Pub,7696.455072145
357,2023-02-21,Pub,5412.578139925
358,2023-02-22,Pub,6258.0460459999995
359,2023-02-23,Pub,6795.324900175
360,2023-02-24,Pub,6994.369180235
361,2023-02-25,Pub,18618.45416904501
362,2023-02-26,Pub,19154.11218387001
363,2023-02-27,Pub,7751.601595759999
364,2023-02-28,Pub,4865.704559225
365,2023-03-01,Pub,5584.015484515001
366,2023-03-02,Pub,6336.768980135
367,2023-03-03,Pub,6933.730289274999
368,2023-03-04,Pub,19268.48437546001
369,2023-03-05,Pub,21898.39873881001
370,2023-03-06,Pub,6440.512851235001
371,2023-03-07,Pub,4568.855388385001
372,2023-03-08,Pub,5630.129416885
373,2023-03-09,Pub,6588.99143444
374,2023-03-10,Pub,6361.539157035
375,2023-03-11,Pub,17813.61153771501
376,2023-03-12,Pub,21298.184141585
377,2023-03-13,Pub,8177.282832295
378,2023-03-14,Pub,4723.708776485
379,2023-03-15,Pub,5939.538052050001
380,2023-03-16,Pub,6829.232445035
381,2023-03-17,Pub,7705.249655245
382,2023-03-18,Pub,19472.69133747001
383,2023-03-19,Pub,19720.475137135
384,2023-03-20,Pub,6758.276226245
385,2023-03-21,Pub,5539.853797815001
386,2023-03-22,Pub,5720.26988233
387,2023-03-23,Pub,7229.2212089899995
388,2023-03-24,Pub,7354.7423882
389,2023-03-25,Pub,18897.02319751001
390,2023-03-26,Pub,17243.37012343001
391,2023-03-27,Pub,8180.154395395
392,2023-03-28,Pub,4882.86930928
393,2023-03-29,Pub,6363.499709075
394,2023-03-30,Pub,7922.31816954
395,2023-03-31,Pub,6306.090403325
396,2023-04-01,Pub,20517.20366476001
397,2023-04-02,Pub,19902.729223935
398,2023-04-03,Pub,6632.58194184
399,2023-04-04,Pub,5822.631751260001
400,2023-04-05,Pub,5604.5314371549985
401,2023-04-06,Pub,6173.179500820001
402,2023-04-07,Pub,7006.4310751
403,2023-04-08,Pub,19666.61799952501
404,2023-04-09,Pub,19562.86981942001
405,2023-04-10,Pub,8384.71779768
406,2023-04-11,Pub,4952.31317159
407,2023-04-12,Pub,4568.40931092
408,2023-04-13,Pub,5887.473968980001
409,2023-04-14,Pub,6711.65942396
410,2023-04-15,Pub,20439.65435236001
411,2023-04-16,Pub,20016.31784693501
412,2023-04-17,Pub,7684.653545925
413,2023-04-18,Pub,4777.163109135
414,2023-04-19,Pub,5875.723935135001
415,2023-04-20,Pub,6824.399814355
416,2023-04-21,Pub,6943.24989624
417,2023-04-22,Pub,16611.364731755013
418,2023-04-23,Pub,20709.38826316
419,2023-04-24,Pub,7818.5771758050005
420,2023-04-25,Pub,5746.6862029250005
421,2023-04-26,Pub,4823.777425445001
422,2023-04-27,Pub,5894.802693265
423,2023-04-28,Pub,7330.56757076
424,2023-04-29,Pub,17603.01898829
425,2023-04-30,Pub,18178.923077705007
426,2023-05-01,Pub,8674.286052899999
427,2023-05-02,Pub,5009.891013864999
428,2023-05-03,Pub,5215.129153520001
429,2023-05-04,Pub,7726.35384084
430,2023-05-05,Pub,7175.360328275
431,2023-05-06,Pub,18656.92796532001
432,2023-05-07,Pub,19867.60411174501
433,2023-05-08,Pub,6794.09523219
434,2023-05-09,Pub,6099.161703625001
435,2023-05-10,Pub,5735.463819385001
436,2023-05-11,Pub,6678.27642529
437,2023-05-12,Pub,7788.784059050001
438,2023-05-13,Pub,17507.697350284998
439,2023-05-14,Pub,21470.30047486
440,2023-05-15,Pub,6818.694182375001
441,2023-05-16,Pub,5284.27532012
442,2023-05-17,Pub,5478.378902265001
443,2023-05-18,Pub,6341.863569385
444,2023-05-19,Pub,6615.895761675001
445,2023-05-20,Pub,16723.112552645
446,2023-05-21,Pub,19165.80102555499
447,2023-05-22,Pub,7567.040766615
448,2023-05-23,Pub,6993.389626995
449,2023-05-24,Pub,4782.78988898
450,2023-05-25,Pub,0.0
451,2022-03-01,Restaurant,8343.160000000002
452,2022-03-02,Restaurant,7209.92
453,2022-03-03,Restaurant,6934.459999999997
454,2022-03-04,Restaurant,7033.709999999997
455,2022-03-05,Restaurant,5618.659999999999
456,2022-03-06,Restaurant,5246.009999999998
457,2022-03-07,Restaurant,4862.359999999997
458,2022-03-08,Restaurant,4899.419999999998
459,2022-03-09,Restaurant,5009.629999999997
460,2022-03-10,Restaurant,4949.819999999998
461,2022-03-11,Restaurant,4848.869999999998
462,2022-03-12,Restaurant,5210.41
463,2022-03-13,Restaurant,5607.289999999997
464,2022-03-14,Restaurant,4910.899999999999
465,2022-03-15,Restaurant,4886.179999999998
466,2022-03-16,Restaurant,4941.499999999997
467,2022-03-17,Restaurant,5021.889999999998
468,2022-03-18,Restaurant,4842.869999999999
469,2022-03-19,Restaurant,5449.1799999999985
470,2022-03-20,Restaurant,5565.749999999999
471,2022-03-21,Restaurant,4922.879999999998
472,2022-03-22,Restaurant,4977.819999999998
473,2022-03-23,Restaurant,4945.189999999998
474,2022-03-24,Restaurant,4984.909999999998
475,2022-03-25,Restaurant,4916.219999999999
476,2022-03-26,Restaurant,5526.519999999998
477,2022-03-27,Restaurant,5507.799999999997
478,2022-03-28,Restaurant,4951.969999999999
479,2022-03-29,Restaurant,5014.989999999999
480,2022-03-30,Restaurant,4958.539999999997
481,2022-03-31,Restaurant,5020.879999999998
482,2022-04-01,Restaurant,5124.079999999997
483,2022-04-02,Restaurant,5366.169999999998
484,2022-04-03,Restaurant,5623.919999999998
485,2022-04-04,Restaurant,4942.589999999999
486,2022-04-05,Restaurant,5102.519999999998
487,2022-04-06,Restaurant,5062.549999999999
488,2022-04-07,Restaurant,5062.699999999999
489,2022-04-08,Restaurant,4929.489999999999
490,2022-04-09,Restaurant,5582.809999999998
491,2022-04-10,Restaurant,5617.809999999998
492,2022-04-11,Restaurant,5008.419999999999
493,2022-04-12,Restaurant,4988.6399999999985
494,2022-04-13,Restaurant,4893.659999999999
495,2022-04-14,Restaurant,5109.069999999999
496,2022-04-15,Restaurant,4979.139999999999
497,2022-04-16,Restaurant,5429.579999999998
498,2022-04-17,Restaurant,5611.7199999999975
499,2022-04-18,Restaurant,4908.599999999999
500,2022-04-19,Restaurant,4979.609999999999
501,2022-04-20,Restaurant,5007.529999999999
502,2022-04-21,Restaurant,4880.149999999999
503,2022-04-22,Restaurant,4944.089999999999
504,2022-04-23,Restaurant,5130.219999999998
505,2022-04-24,Restaurant,5457.819999999998
506,2022-04-25,Restaurant,5063.719999999999
507,2022-04-26,Restaurant,5021.429999999999
508,2022-04-27,Restaurant,4904.479999999999
509,2022-04-28,Restaurant,5010.5999999999985
510,2022-04-29,Restaurant,4957.509999999999
511,2022-04-30,Restaurant,5560.819999999998
512,2022-05-01,Restaurant,5246.899999999998
513,2022-05-02,Restaurant,5015.009999999999
514,2022-05-03,Restaurant,5029.059999999998
515,2022-05-04,Restaurant,4918.499999999999
516,2022-05-05,Restaurant,4986.819999999999
517,2022-05-06,Restaurant,4895.129999999999
518,2022-05-07,Restaurant,5455.719999999998
519,2022-05-08,Restaurant,5446.999999999998
520,2022-05-09,Restaurant,5010.959999999999
521,2022-05-10,Restaurant,5001.329999999999
522,2022-05-11,Restaurant,4860.359999999999
523,2022-05-12,Restaurant,4908.379999999999
524,2022-05-13,Restaurant,4867.0999999999985
525,2022-05-14,Restaurant,5408.979999999998
526,2022-05-15,Restaurant,5592.449999999998
527,2022-05-16,Restaurant,5003.109999999999
528,2022-05-17,Restaurant,4989.319999999999
529,2022-05-18,Restaurant,5001.209999999999
530,2022-05-19,Restaurant,4868.819999999999
531,2022-05-20,Restaurant,4923.289999999999
532,2022-05-21,Restaurant,5568.039999999998
533,2022-05-22,Restaurant,5454.489999999998
534,2022-05-23,Restaurant,4960.539999999999
535,2022-05-24,Restaurant,4962.149999999999
536,2022-05-25,Restaurant,4926.549999999999
537,2022-05-26,Restaurant,4949.959999999999
538,2022-05-27,Restaurant,4817.029999999999
539,2022-05-28,Restaurant,5637.519999999998
540,2022-05-29,Restaurant,5501.779999999998
541,2022-05-30,Restaurant,5001.309999999999
542,2022-05-31,Restaurant,4925.969999999999
543,2022-06-01,Restaurant,4912.329999999999
544,2022-06-02,Restaurant,4973.709999999999
545,2022-06-03,Restaurant,4813.549999999999
546,2022-06-04,Restaurant,5335.959999999999
547,2022-06-05,Restaurant,5184.2199999999975
548,2022-06-06,Restaurant,4947.529999999999
549,2022-06-07,Restaurant,4972.65
550,2022-06-08,Restaurant,4915.199999999999
551,2022-06-09,Restaurant,4899.279999999999
552,2022-06-10,Restaurant,4905.219999999999
553,2022-06-11,Restaurant,5485.099999999998
554,2022-06-12,Restaurant,5544.299999999998
555,2022-06-13,Restaurant,5018.539999999999
556,2022-06-14,Restaurant,4918.669999999999
557,2022-06-15,Restaurant,4978.439999999999
558,2022-06-16,Restaurant,4974.969999999999
559,2022-06-17,Restaurant,4878.419999999999
560,2022-06-18,Restaurant,5210.089999999998
561,2022-06-19,Restaurant,5374.259999999998
562,2022-06-20,Restaurant,4999.819999999999
563,2022-06-21,Restaurant,4955.959999999999
564,2022-06-22,Restaurant,4909.429999999999
565,2022-06-23,Restaurant,5022.119999999999
566,2022-06-24,Restaurant,4892.759999999999
567,2022-06-25,Restaurant,5400.239999999998
568,2022-06-26,Restaurant,5569.939999999998
569,2022-06-27,Restaurant,4945.919999999999
570,2022-06-28,Restaurant,4919.919999999998
571,2022-06-29,Restaurant,4997.649999999999
572,2022-06-30,Restaurant,4971.919999999999
573,2022-07-01,Restaurant,4888.839999999999
574,2022-07-02,Restaurant,5185.659999999998
575,2022-07-03,Restaurant,5435.349999999998
576,2022-07-04,Restaurant,4863.369999999999
577,2022-07-05,Restaurant,5091.789999999999
578,2022-07-06,Restaurant,4912.609999999999
579,2022-07-07,Restaurant,4915.819999999999
580,2022-07-08,Restaurant,4926.639999999998
581,2022-07-09,Restaurant,5585.899999999998
582,2022-07-10,Restaurant,5497.289999999998
583,2022-07-11,Restaurant,5051.709999999999
584,2022-07-12,Restaurant,4962.699999999999
585,2022-07-13,Restaurant,4897.169999999999
586,2022-07-14,Restaurant,5008.769999999999
587,2022-07-15,Restaurant,4939.009999999999
588,2022-07-16,Restaurant,5604.829999999998
589,2022-07-17,Restaurant,5404.479999999998
590,2022-07-18,Restaurant,5081.699999999999
591,2022-07-19,Restaurant,4864.839999999999
592,2022-07-20,Restaurant,5014.479999999999
593,2022-07-21,Restaurant,5042.229999999999
594,2022-07-22,Restaurant,4909.259999999999
595,2022-07-23,Restaurant,5528.549999999997
596,2022-07-24,Restaurant,5348.169999999998
597,2022-07-25,Restaurant,4962.049999999999
598,2022-07-26,Restaurant,5008.069999999999
599,2022-07-27,Restaurant,4994.219999999999
600,2022-07-28,Restaurant,4870.549999999999
601,2022-07-29,Restaurant,4901.289999999999
602,2022-07-30,Restaurant,5522.209999999998
603,2022-07-31,Restaurant,5229.139999999997
604,2022-08-01,Restaurant,5091.669999999999
605,2022-08-02,Restaurant,4991.8499999999985
606,2022-08-03,Restaurant,4906.829999999999
607,2022-08-04,Restaurant,4951.209999999999
608,2022-08-05,Restaurant,4984.6799999999985
609,2022-08-06,Restaurant,5483.629999999998
610,2022-08-07,Restaurant,5505.529999999998
611,2022-08-08,Restaurant,4958.8499999999985
612,2022-08-09,Restaurant,5009.529999999999
613,2022-08-10,Restaurant,4904.939999999999
614,2022-08-11,Restaurant,4903.329999999999
615,2022-08-12,Restaurant,4925.969999999998
616,2022-08-13,Restaurant,5355.5099999999975
617,2022-08-14,Restaurant,5463.499999999998
618,2022-08-15,Restaurant,4947.189999999999
619,2022-08-16,Restaurant,4997.5999999999985
620,2022-08-17,Restaurant,4921.629999999999
621,2022-08-18,Restaurant,5063.6799999999985
622,2022-08-19,Restaurant,4843.539999999999
623,2022-08-20,Restaurant,5416.609999999998
624,2022-08-21,Restaurant,5432.379999999998
625,2022-08-22,Restaurant,4918.499999999999
626,2022-08-23,Restaurant,4949.129999999999
627,2022-08-24,Restaurant,4934.189999999999
628,2022-08-25,Restaurant,5037.899999999998
629,2022-08-26,Restaurant,5043.459999999999
630,2022-08-27,Restaurant,5479.439999999998
631,2022-08-28,Restaurant,5549.029999999998
632,2022-08-29,Restaurant,4966.019999999999
633,2022-08-30,Restaurant,5044.549999999999
634,2022-08-31,Restaurant,5021.569999999999
635,2022-09-01,Restaurant,4986.909999999999
636,2022-09-02,Restaurant,4950.949999999999
637,2022-09-03,Restaurant,5496.559999999998
638,2022-09-04,Restaurant,5244.619999999998
639,2022-09-05,Restaurant,4931.329999999999
640,2022-09-06,Restaurant,5029.209999999999
641,2022-09-07,Restaurant,4987.739999999999
642,2022-09-08,Restaurant,5111.0999999999985
643,2022-09-09,Restaurant,4853.819999999999
644,2022-09-10,Restaurant,5500.6799999999985
645,2022-09-11,Restaurant,5380.069999999998
646,2022-09-12,Restaurant,4944.129999999999
647,2022-09-13,Restaurant,4876.899999999999
648,2022-09-14,Restaurant,5015.649999999999
649,2022-09-15,Restaurant,4989.499999999999
650,2022-09-16,Restaurant,4850.109999999999
651,2022-09-17,Restaurant,5286.449999999998
652,2022-09-18,Restaurant,5428.869999999998
653,2022-09-19,Restaurant,4913.409999999999
654,2022-09-20,Restaurant,5051.359999999999
655,2022-09-21,Restaurant,4734.469999999999
656,2022-09-22,Restaurant,4953.389999999999
657,2022-09-23,Restaurant,4896.109999999999
658,2022-09-24,Restaurant,5498.269999999997
659,2022-09-25,Restaurant,5317.909999999998
660,2022-09-26,Restaurant,5166.789999999999
661,2022-09-27,Restaurant,4968.799999999999
662,2022-09-28,Restaurant,4926.569999999999
663,2022-09-29,Restaurant,4892.579999999999
664,2022-09-30,Restaurant,5021.249999999999
665,2022-10-01,Restaurant,5228.109999999998
666,2022-10-02,Restaurant,5422.369999999998
667,2022-10-03,Restaurant,4951.989999999999
668,2022-10-04,Restaurant,4879.949999999999
669,2022-10-05,Restaurant,4894.359999999999
670,2022-10-06,Restaurant,4934.669999999999
671,2022-10-07,Restaurant,4952.1399999999985
672,2022-10-08,Restaurant,5406.569999999998
673,2022-10-09,Restaurant,5268.479999999998
674,2022-10-10,Restaurant,5037.629999999999
675,2022-10-11,Restaurant,5054.659999999999
676,2022-10-12,Restaurant,4889.049999999999
677,2022-10-13,Restaurant,4858.509999999999
678,2022-10-14,Restaurant,4922.939999999999
679,2022-10-15,Restaurant,5386.109999999998
680,2022-10-16,Restaurant,5555.629999999998
681,2022-10-17,Restaurant,4915.519999999999
682,2022-10-18,Restaurant,5028.649999999999
683,2022-10-19,Restaurant,4956.839999999999
684,2022-10-20,Restaurant,4959.839999999999
685,2022-10-21,Restaurant,4927.919999999999
686,2022-10-22,Restaurant,5408.919999999999
687,2022-10-23,Restaurant,5482.289999999998
688,2022-10-24,Restaurant,4978.299999999999
689,2022-10-25,Restaurant,4964.639999999999
690,2022-10-26,Restaurant,4945.799999999999
691,2022-10-27,Restaurant,4940.639999999999
692,2022-10-28,Restaurant,4952.029999999999
693,2022-10-29,Restaurant,5282.509999999998
694,2022-10-30,Restaurant,5397.199999999998
695,2022-10-31,Restaurant,4988.359999999999
696,2022-11-01,Restaurant,4941.299999999999
697,2022-11-02,Restaurant,4847.949999999999
698,2022-11-03,Restaurant,4896.699999999999
699,2022-11-04,Restaurant,4983.9299999999985
700,2022-11-05,Restaurant,5415.029999999998
701,2022-11-06,Restaurant,5631.449999999998
702,2022-11-07,Restaurant,4933.6399999999985
703,2022-11-08,Restaurant,4933.729999999999
704,2022-11-09,Restaurant,4988.779999999999
705,2022-11-10,Restaurant,4913.8499999999985
706,2022-11-11,Restaurant,4918.889999999999
707,2022-11-12,Restaurant,5455.689999999997
708,2022-11-13,Restaurant,5236.759999999998
709,2022-11-14,Restaurant,5006.239999999999
710,2022-11-15,Restaurant,4970.369999999999
711,2022-11-16,Restaurant,4982.789999999999
712,2022-11-17,Restaurant,4880.769999999999
713,2022-11-18,Restaurant,4944.919999999999
714,2022-11-19,Restaurant,5472.269999999998
715,2022-11-20,Restaurant,5521.169999999998
716,2022-11-21,Restaurant,4977.449999999999
717,2022-11-22,Restaurant,4955.569999999999
718,2022-11-23,Restaurant,4999.429999999999
719,2022-11-24,Restaurant,5001.859999999999
720,2022-11-25,Restaurant,4933.749999999999
721,2022-11-26,Restaurant,5408.129999999998
722,2022-11-27,Restaurant,5357.169999999998
723,2022-11-28,Restaurant,5026.409999999999
724,2022-11-29,Restaurant,5043.679999999999
725,2022-11-30,Restaurant,4741.039999999999
726,2022-12-01,Restaurant,4936.949999999999
727,2022-12-02,Restaurant,4861.939999999999
728,2022-12-03,Restaurant,5497.559999999998
729,2022-12-04,Restaurant,5289.799999999998
730,2022-12-05,Restaurant,4998.159999999999
731,2022-12-06,Restaurant,4989.109999999999
732,2022-12-07,Restaurant,4874.8499999999985
733,2022-12-08,Restaurant,4964.269999999999
734,2022-12-09,Restaurant,4881.319999999999
735,2022-12-10,Restaurant,5266.609999999998
736,2022-12-11,Restaurant,5475.119999999998
737,2022-12-12,Restaurant,4975.589999999999
738,2022-12-13,Restaurant,4873.709999999999
739,2022-12-14,Restaurant,5014.449999999999
740,2022-12-15,Restaurant,4978.839999999999
741,2022-12-16,Restaurant,4934.839999999999
742,2022-12-17,Restaurant,5510.899999999998
743,2022-12-18,Restaurant,5400.359999999998
744,2022-12-19,Restaurant,4919.1799999999985
745,2022-12-20,Restaurant,5062.719999999999
746,2022-12-21,Restaurant,4936.279999999999
747,2022-12-22,Restaurant,4896.289999999999
748,2022-12-23,Restaurant,4915.469999999999
749,2022-12-24,Restaurant,5549.689999999998
750,2022-12-25,Restaurant,5540.189999999998
751,2022-12-26,Restaurant,5010.789999999999
752,2022-12-27,Restaurant,4924.0199999999995
753,2022-12-28,Restaurant,4859.809999999998
754,2022-12-29,Restaurant,4894.139999999999
755,2022-12-30,Restaurant,4890.899999999999
756,2022-12-31,Restaurant,5326.969999999998
757,2023-01-01,Restaurant,5321.019999999998
758,2023-01-02,Restaurant,5052.249999999999
759,2023-01-03,Restaurant,4936.15
760,2023-01-04,Restaurant,5035.009999999999
761,2023-01-05,Restaurant,4919.749999999999
762,2023-01-06,Restaurant,4915.019999999999
763,2023-01-07,Restaurant,5624.369999999998
764,2023-01-08,Restaurant,5378.159999999998
765,2023-01-09,Restaurant,4934.299999999999
766,2023-01-10,Restaurant,5001.829999999999
767,2023-01-11,Restaurant,4980.229999999999
768,2023-01-12,Restaurant,4878.019999999999
769,2023-01-13,Restaurant,4943.449999999999
770,2023-01-14,Restaurant,5506.419999999996
771,2023-01-15,Restaurant,5281.819999999998
772,2023-01-16,Restaurant,5024.639999999999
773,2023-01-17,Restaurant,4949.919999999999
774,2023-01-18,Restaurant,4817.799999999999
775,2023-01-19,Restaurant,4961.949999999999
776,2023-01-20,Restaurant,4869.8499999999985
777,2023-01-21,Restaurant,5364.679999999998
778,2023-01-22,Restaurant,5457.019999999998
779,2023-01-23,Restaurant,5016.069999999999
780,2023-01-24,Restaurant,5019.249999999999
781,2023-01-25,Restaurant,4957.8499999999985
782,2023-01-26,Restaurant,4819.469999999999
783,2023-01-27,Restaurant,4887.159999999999
784,2023-01-28,Restaurant,5400.739999999998
785,2023-01-29,Restaurant,5304.879999999998
786,2023-01-30,Restaurant,5047.499999999999
787,2023-01-31,Restaurant,4998.099999999999
788,2023-02-01,Restaurant,4924.259999999999
789,2023-02-02,Restaurant,4874.979999999999
790,2023-02-03,Restaurant,4832.419999999999
791,2023-02-04,Restaurant,5326.589999999998
792,2023-02-05,Restaurant,5528.329999999998
793,2023-02-06,Restaurant,4953.409999999999
794,2023-02-07,Restaurant,4945.109999999999
795,2023-02-08,Restaurant,4914.959999999999
796,2023-02-09,Restaurant,4958.929999999999
797,2023-02-10,Restaurant,4845.3499999999985
798,2023-02-11,Restaurant,5451.449999999998
799,2023-02-12,Restaurant,5456.449999999998
800,2023-02-13,Restaurant,4937.049999999999
801,2023-02-14,Restaurant,4890.869999999999
802,2023-02-15,Restaurant,4851.999999999999
803,2023-02-16,Restaurant,4971.109999999999
804,2023-02-17,Restaurant,4897.439999999999
805,2023-02-18,Restaurant,5440.399999999998
806,2023-02-19,Restaurant,5171.709999999998
807,2023-02-20,Restaurant,5002.419999999999
808,2023-02-21,Restaurant,4919.339999999999
809,2023-02-22,Restaurant,4972.829999999999
810,2023-02-23,Restaurant,5024.409999999998
811,2023-02-24,Restaurant,4930.619999999999
812,2023-02-25,Restaurant,5397.819999999998
813,2023-02-26,Restaurant,5474.279999999998
814,2023-02-27,Restaurant,5052.329999999999
815,2023-02-28,Restaurant,4954.859999999999
816,2023-03-01,Restaurant,4922.879999999999
817,2023-03-02,Restaurant,4927.339999999999
818,2023-03-03,Restaurant,4995.6799999999985
819,2023-03-04,Restaurant,5252.739999999998
820,2023-03-05,Restaurant,5550.769999999998
821,2023-03-06,Restaurant,5057.879999999999
822,2023-03-07,Restaurant,4946.679999999999
823,2023-03-08,Restaurant,5002.139999999999
824,2023-03-09,Restaurant,5060.749999999998
825,2023-03-10,Restaurant,4933.5599999999995
826,2023-03-11,Restaurant,5428.249999999998
827,2023-03-12,Restaurant,5445.699999999998
828,2023-03-13,Restaurant,4970.089999999999
829,2023-03-14,Restaurant,4965.539999999999
830,2023-03-15,Restaurant,4799.799999999999
831,2023-03-16,Restaurant,4951.449999999999
832,2023-03-17,Restaurant,4992.719999999999
833,2023-03-18,Restaurant,5437.269999999998
834,2023-03-19,Restaurant,5430.5999999999985
835,2023-03-20,Restaurant,4989.029999999999
836,2023-03-21,Restaurant,4932.489999999999
837,2023-03-22,Restaurant,4944.719999999999
838,2023-03-23,Restaurant,4986.879999999998
839,2023-03-24,Restaurant,4851.459999999999
840,2023-03-25,Restaurant,5510.909999999998
841,2023-03-26,Restaurant,5613.249999999998
842,2023-03-27,Restaurant,4926.569999999999
843,2023-03-28,Restaurant,5037.319999999999
844,2023-03-29,Restaurant,4995.509999999999
845,2023-03-30,Restaurant,4957.219999999999
846,2023-03-31,Restaurant,4882.029999999999
847,2023-04-01,Restaurant,5489.489999999998
848,2023-04-02,Restaurant,5477.949999999998
849,2023-04-03,Restaurant,5063.859999999999
850,2023-04-04,Restaurant,4867.019999999999
851,2023-04-05,Restaurant,5066.23
852,2023-04-06,Restaurant,4989.899999999999
853,2023-04-07,Restaurant,4948.779999999999
854,2023-04-08,Restaurant,5298.639999999998
855,2023-04-09,Restaurant,5595.069999999998
856,2023-04-10,Restaurant,5054.519999999999
857,2023-04-11,Restaurant,4916.8499999999985
858,2023-04-12,Restaurant,4880.879999999999
859,2023-04-13,Restaurant,4874.629999999999
860,2023-04-14,Restaurant,4967.739999999999
861,2023-04-15,Restaurant,5551.979999999998
862,2023-04-16,Restaurant,5520.819999999998
863,2023-04-17,Restaurant,4946.779999999999
864,2023-04-18,Restaurant,4955.549999999999
865,2023-04-19,Restaurant,4970.609999999999
866,2023-04-20,Restaurant,4984.659999999998
867,2023-04-21,Restaurant,4993.929999999999
868,2023-04-22,Restaurant,5433.419999999998
869,2023-04-23,Restaurant,5468.179999999998
870,2023-04-24,Restaurant,4958.089999999999
871,2023-04-25,Restaurant,5005.469999999999
872,2023-04-26,Restaurant,4928.759999999999
873,2023-04-27,Restaurant,5003.709999999999
874,2023-04-28,Restaurant,4884.1799999999985
875,2023-04-29,Restaurant,5661.2199999999975
876,2023-04-30,Restaurant,5484.299999999997
877,2023-05-01,Restaurant,4955.48
878,2023-05-02,Restaurant,4984.139999999999
879,2023-05-03,Restaurant,4995.539999999999
880,2023-05-04,Restaurant,4916.429999999999
881,2023-05-05,Restaurant,4956.439999999999
882,2023-05-06,Restaurant,5327.6799999999985
883,2023-05-07,Restaurant,5714.389999999997
884,2023-05-08,Restaurant,4978.239999999999
885,2023-05-09,Restaurant,5006.8499999999985
886,2023-05-10,Restaurant,4865.609999999999
887,2023-05-11,Restaurant,4945.509999999999
888,2023-05-12,Restaurant,4899.819999999999
889,2023-05-13,Restaurant,5456.289999999998
890,2023-05-14,Restaurant,5174.949999999998
891,2023-05-15,Restaurant,5028.869999999999
892,2023-05-16,Restaurant,4863.949999999999
893,2023-05-17,Restaurant,4912.659999999999
894,2023-05-18,Restaurant,5134.4299999999985
895,2023-05-19,Restaurant,4889.389999999999
896,2023-05-20,Restaurant,5306.569999999998
897,2023-05-21,Restaurant,5307.789999999998
898,2023-05-22,Restaurant,4930.299999999999
899,2023-05-23,Restaurant,4991.799999999999
900,2023-05-24,Restaurant,4838.959999999999
901,2023-05-25,Restaurant,
902,2022-03-01,apartment,576264.52
903,2022-03-02,apartment,
904,2022-03-03,apartment,
905,2022-03-04,apartment,
906,2022-03-05,apartment,
907,2022-03-06,apartment,
908,2022-03-07,apartment,
909,2022-03-08,apartment,
910,2022-03-09,apartment,
911,2022-03-10,apartment,
912,2022-03-11,apartment,
913,2022-03-12,apartment,
914,2022-03-13,apartment,
915,2022-03-14,apartment,
916,2022-03-15,apartment,
917,2022-03-16,apartment,
918,2022-03-17,apartment,
919,2022-03-18,apartment,
920,2022-03-19,apartment,
921,2022-03-20,apartment,
922,2022-03-21,apartment,
923,2022-03-22,apartment,
924,2022-03-23,apartment,
925,2022-03-24,apartment,
926,2022-03-25,apartment,
927,2022-03-26,apartment,
928,2022-03-27,apartment,
929,2022-03-28,apartment,
930,2022-03-29,apartment,
931,2022-03-30,apartment,
932,2022-03-31,apartment,
933,2022-04-01,apartment,560619.3
934,2022-04-02,apartment,
935,2022-04-03,apartment,
936,2022-04-04,apartment,
937,2022-04-05,apartment,
938,2022-04-06,apartment,
939,2022-04-07,apartment,
940,2022-04-08,apartment,
941,2022-04-09,apartment,
942,2022-04-10,apartment,
943,2022-04-11,apartment,
944,2022-04-12,apartment,
945,2022-04-13,apartment,
946,2022-04-14,apartment,
947,2022-04-15,apartment,
948,2022-04-16,apartment,
949,2022-04-17,apartment,
950,2022-04-18,apartment,
951,2022-04-19,apartment,
952,2022-04-20,apartment,
953,2022-04-21,apartment,
954,2022-04-22,apartment,
955,2022-04-23,apartment,
956,2022-04-24,apartment,
957,2022-04-25,apartment,
958,2022-04-26,apartment,
959,2022-04-27,apartment,
960,2022-04-28,apartment,
961,2022-04-29,apartment,
962,2022-04-30,apartment,
963,2022-05-01,apartment,558450.78
964,2022-05-02,apartment,
965,2022-05-03,apartment,
966,2022-05-04,apartment,
967,2022-05-05,apartment,
968,2022-05-06,apartment,
969,2022-05-07,apartment,
970,2022-05-08,apartment,
971,2022-05-09,apartment,
972,2022-05-10,apartment,
973,2022-05-11,apartment,
974,2022-05-12,apartment,
975,2022-05-13,apartment,
976,2022-05-14,apartment,
977,2022-05-15,apartment,
978,2022-05-16,apartment,
979,2022-05-17,apartment,
980,2022-05-18,apartment,
981,2022-05-19,apartment,
982,2022-05-20,apartment,
983,2022-05-21,apartment,
984,2022-05-22,apartment,
985,2022-05-23,apartment,
986,2022-05-24,apartment,
987,2022-05-25,apartment,
988,2022-05-26,apartment,
989,2022-05-27,apartment,
990,2022-05-28,apartment,
991,2022-05-29,apartment,
992,2022-05-30,apartment,
993,2022-05-31,apartment,
994,2022-06-01,apartment,558450.78
995,2022-06-02,apartment,
996,2022-06-03,apartment,
997,2022-06-04,apartment,
998,2022-06-05,apartment,
999,2022-06-06,apartment,
1000,2022-06-07,apartment,
1001,2022-06-08,apartment,
1002,2022-06-09,apartment,
1003,2022-06-10,apartment,
1004,2022-06-11,apartment,
1005,2022-06-12,apartment,
1006,2022-06-13,apartment,
1007,2022-06-14,apartment,
1008,2022-06-15,apartment,
1009,2022-06-16,apartment,
1010,2022-06-17,apartment,
1011,2022-06-18,apartment,
1012,2022-06-19,apartment,
1013,2022-06-20,apartment,
1014,2022-06-21,apartment,
1015,2022-06-22,apartment,
1016,2022-06-23,apartment,
1017,2022-06-24,apartment,
1018,2022-06-25,apartment,
1019,2022-06-26,apartment,
1020,2022-06-27,apartment,
1021,2022-06-28,apartment,
1022,2022-06-29,apartment,
1023,2022-06-30,apartment,
1024,2022-07-01,apartment,558450.78
1025,2022-07-02,apartment,
1026,2022-07-03,apartment,
1027,2022-07-04,apartment,
1028,2022-07-05,apartment,
1029,2022-07-06,apartment,
1030,2022-07-07,apartment,
1031,2022-07-08,apartment,
1032,2022-07-09,apartment,
1033,2022-07-10,apartment,
1034,2022-07-11,apartment,
1035,2022-07-12,apartment,
1036,2022-07-13,apartment,
1037,2022-07-14,apartment,
1038,2022-07-15,apartment,
1039,2022-07-16,apartment,
1040,2022-07-17,apartment,
1041,2022-07-18,apartment,
1042,2022-07-19,apartment,
1043,2022-07-20,apartment,
1044,2022-07-21,apartment,
1045,2022-07-22,apartment,
1046,2022-07-23,apartment,
1047,2022-07-24,apartment,
1048,2022-07-25,apartment,
1049,2022-07-26,apartment,
1050,2022-07-27,apartment,
1051,2022-07-28,apartment,
1052,2022-07-29,apartment,
1053,2022-07-30,apartment,
1054,2022-07-31,apartment,
1055,2022-08-01,apartment,558450.78
1056,2022-08-02,apartment,
1057,2022-08-03,apartment,
1058,2022-08-04,apartment,
1059,2022-08-05,apartment,
1060,2022-08-06,apartment,
1061,2022-08-07,apartment,
1062,2022-08-08,apartment,
1063,2022-08-09,apartment,
1064,2022-08-10,apartment,
1065,2022-08-11,apartment,
1066,2022-08-12,apartment,
1067,2022-08-13,apartment,
1068,2022-08-14,apartment,
1069,2022-08-15,apartment,
1070,2022-08-16,apartment,
1071,2022-08-17,apartment,
1072,2022-08-18,apartment,
1073,2022-08-19,apartment,
1074,2022-08-20,apartment,
1075,2022-08-21,apartment,
1076,2022-08-22,apartment,
1077,2022-08-23,apartment,
1078,2022-08-24,apartment,
1079,2022-08-25,apartment,
1080,2022-08-26,apartment,
1081,2022-08-27,apartment,
1082,2022-08-28,apartment,
1083,2022-08-29,apartment,
1084,2022-08-30,apartment,
1085,2022-08-31,apartment,
1086,2022-09-01,apartment,558450.78
1087,2022-09-02,apartment,
1088,2022-09-03,apartment,
1089,2022-09-04,apartment,
1090,2022-09-05,apartment,
1091,2022-09-06,apartment,
1092,2022-09-07,apartment,
1093,2022-09-08,apartment,
1094,2022-09-09,apartment,
1095,2022-09-10,apartment,
1096,2022-09-11,apartment,
1097,2022-09-12,apartment,
1098,2022-09-13,apartment,
1099,2022-09-14,apartment,
1100,2022-09-15,apartment,
1101,2022-09-16,apartment,
1102,2022-09-17,apartment,
1103,2022-09-18,apartment,
1104,2022-09-19,apartment,
1105,2022-09-20,apartment,
1106,2022-09-21,apartment,
1107,2022-09-22,apartment,
1108,2022-09-23,apartment,
1109,2022-09-24,apartment,
1110,2022-09-25,apartment,
1111,2022-09-26,apartment,
1112,2022-09-27,apartment,
1113,2022-09-28,apartment,
1114,2022-09-29,apartment,
1115,2022-09-30,apartment,
1116,2022-10-01,apartment,558450.78
1117,2022-10-02,apartment,
1118,2022-10-03,apartment,
1119,2022-10-04,apartment,
1120,2022-10-05,apartment,
1121,2022-10-06,apartment,
1122,2022-10-07,apartment,
1123,2022-10-08,apartment,
1124,2022-10-09,apartment,
1125,2022-10-10,apartment,
1126,2022-10-11,apartment,
1127,2022-10-12,apartment,
1128,2022-10-13,apartment,
1129,2022-10-14,apartment,
1130,2022-10-15,apartment,
1131,2022-10-16,apartment,
1132,2022-10-17,apartment,
1133,2022-10-18,apartment,
1134,2022-10-19,apartment,
1135,2022-10-20,apartment,
1136,2022-10-21,apartment,
1137,2022-10-22,apartment,
1138,2022-10-23,apartment,
1139,2022-10-24,apartment,
1140,2022-10-25,apartment,
1141,2022-10-26,apartment,
1142,2022-10-27,apartment,
1143,2022-10-28,apartment,
1144,2022-10-29,apartment,
1145,2022-10-30,apartment,
1146,2022-10-31,apartment,
1147,2022-11-01,apartment,558450.78
1148,2022-11-02,apartment,
1149,2022-11-03,apartment,
1150,2022-11-04,apartment,
1151,2022-11-05,apartment,
1152,2022-11-06,apartment,
1153,2022-11-07,apartment,
1154,2022-11-08,apartment,
1155,2022-11-09,apartment,
1156,2022-11-10,apartment,
1157,2022-11-11,apartment,
1158,2022-11-12,apartment,
1159,2022-11-13,apartment,
1160,2022-11-14,apartment,
1161,2022-11-15,apartment,
1162,2022-11-16,apartment,
1163,2022-11-17,apartment,
1164,2022-11-18,apartment,
1165,2022-11-19,apartment,
1166,2022-11-20,apartment,
1167,2022-11-21,apartment,
1168,2022-11-22,apartment,
1169,2022-11-23,apartment,
1170,2022-11-24,apartment,
1171,2022-11-25,apartment,
1172,2022-11-26,apartment,
1173,2022-11-27,apartment,
1174,2022-11-28,apartment,
1175,2022-11-29,apartment,
1176,2022-11-30,apartment,
1177,2022-12-01,apartment,558450.78
1178,2022-12-02,apartment,
1179,2022-12-03,apartment,
1180,2022-12-04,apartment,
1181,2022-12-05,apartment,
1182,2022-12-06,apartment,
1183,2022-12-07,apartment,
1184,2022-12-08,apartment,
1185,2022-12-09,apartment,
1186,2022-12-10,apartment,
1187,2022-12-11,apartment,
1188,2022-12-12,apartment,
1189,2022-12-13,apartment,
1190,2022-12-14,apartment,
1191,2022-12-15,apartment,
1192,2022-12-16,apartment,
1193,2022-12-17,apartment,
1194,2022-12-18,apartment,
1195,2022-12-19,apartment,
1196,2022-12-20,apartment,
1197,2022-12-21,apartment,
1198,2022-12-22,apartment,
1199,2022-12-23,apartment,
1200,2022-12-24,apartment,
1201,2022-12-25,apartment,
1202,2022-12-26,apartment,
1203,2022-12-27,apartment,
1204,2022-12-28,apartment,
1205,2022-12-29,apartment,
1206,2022-12-30,apartment,
1207,2022-12-31,apartment,
1208,2023-01-01,apartment,558450.78
1209,2023-01-02,apartment,
1210,2023-01-03,apartment,
1211,2023-01-04,apartment,
1212,2023-01-05,apartment,
1213,2023-01-06,apartment,
1214,2023-01-07,apartment,
1215,2023-01-08,apartment,
1216,2023-01-09,apartment,
1217,2023-01-10,apartment,
1218,2023-01-11,apartment,
1219,2023-01-12,apartment,
1220,2023-01-13,apartment,
1221,2023-01-14,apartment,
1222,2023-01-15,apartment,
1223,2023-01-16,apartment,
1224,2023-01-17,apartment,
1225,2023-01-18,apartment,
1226,2023-01-19,apartment,
1227,2023-01-20,apartment,
1228,2023-01-21,apartment,
1229,2023-01-22,apartment,
1230,2023-01-23,apartment,
1231,2023-01-24,apartment,
1232,2023-01-25,apartment,
1233,2023-01-26,apartment,
1234,2023-01-27,apartment,
1235,2023-01-28,apartment,
1236,2023-01-29,apartment,
1237,2023-01-30,apartment,
1238,2023-01-31,apartment,
1239,2023-02-01,apartment,558450.78
1240,2023-02-02,apartment,
1241,2023-02-03,apartment,
1242,2023-02-04,apartment,
1243,2023-02-05,apartment,
1244,2023-02-06,apartment,
1245,2023-02-07,apartment,
1246,2023-02-08,apartment,
1247,2023-02-09,apartment,
1248,2023-02-10,apartment,
1249,2023-02-11,apartment,
1250,2023-02-12,apartment,
1251,2023-02-13,apartment,
1252,2023-02-14,apartment,
1253,2023-02-15,apartment,
1254,2023-02-16,apartment,
1255,2023-02-17,apartment,
1256,2023-02-18,apartment,
1257,2023-02-19,apartment,
1258,2023-02-20,apartment,
1259,2023-02-21,apartment,
1260,2023-02-22,apartment,
1261,2023-02-23,apartment,
1262,2023-02-24,apartment,
1263,2023-02-25,apartment,
1264,2023-02-26,apartment,
1265,2023-02-27,apartment,
1266,2023-02-28,apartment,
1267,2023-03-01,apartment,558450.78
1268,2023-03-02,apartment,
1269,2023-03-03,apartment,
1270,2023-03-04,apartment,
1271,2023-03-05,apartment,
1272,2023-03-06,apartment,
1273,2023-03-07,apartment,
1274,2023-03-08,apartment,
1275,2023-03-09,apartment,
1276,2023-03-10,apartment,
1277,2023-03-11,apartment,
1278,2023-03-12,apartment,
1279,2023-03-13,apartment,
1280,2023-03-14,apartment,
1281,2023-03-15,apartment,
1282,2023-03-16,apartment,
1283,2023-03-17,apartment,
1284,2023-03-18,apartment,
1285,2023-03-19,apartment,
1286,2023-03-20,apartment,
1287,2023-03-21,apartment,
1288,2023-03-22,apartment,
1289,2023-03-23,apartment,
1290,2023-03-24,apartment,
1291,2023-03-25,apartment,
1292,2023-03-26,apartment,
1293,2023-03-27,apartment,
1294,2023-03-28,apartment,
1295,2023-03-29,apartment,
1296,2023-03-30,apartment,
1297,2023-03-31,apartment,
1298,2023-04-01,apartment,558450.78
1299,2023-04-02,apartment,
1300,2023-04-03,apartment,
1301,2023-04-04,apartment,
1302,2023-04-05,apartment,
1303,2023-04-06,apartment,
1304,2023-04-07,apartment,
1305,2023-04-08,apartment,
1306,2023-04-09,apartment,
1307,2023-04-10,apartment,
1308,2023-04-11,apartment,
1309,2023-04-12,apartment,
1310,2023-04-13,apartment,
1311,2023-04-14,apartment,
1312,2023-04-15,apartment,
1313,2023-04-16,apartment,
1314,2023-04-17,apartment,
1315,2023-04-18,apartment,
1316,2023-04-19,apartment,
1317,2023-04-20,apartment,
1318,2023-04-21,apartment,
1319,2023-04-22,apartment,
1320,2023-04-23,apartment,
1321,2023-04-24,apartment,
1322,2023-04-25,apartment,
1323,2023-04-26,apartment,
1324,2023-04-27,apartment,
1325,2023-04-28,apartment,
1326,2023-04-29,apartment,
1327,2023-04-30,apartment,
1328,2023-05-01,apartment,558450.78
1329,2023-05-02,apartment,
1330,2023-05-03,apartment,
1331,2023-05-04,apartment,
1332,2023-05-05,apartment,
1333,2023-05-06,apartment,
1334,2023-05-07,apartment,
1335,2023-05-08,apartment,
1336,2023-05-09,apartment,
1337,2023-05-10,apartment,
1338,2023-05-11,apartment,
1339,2023-05-12,apartment,
1340,2023-05-13,apartment,
1341,2023-05-14,apartment,
1342,2023-05-15,apartment,
1343,2023-05-16,apartment,
1344,2023-05-17,apartment,
1345,2023-05-18,apartment,
1346,2023-05-19,apartment,
1347,2023-05-20,apartment,
1348,2023-05-21,apartment,
1349,2023-05-22,apartment,
1350,2023-05-23,apartment,
1351,2023-05-24,apartment,
1352,2023-05-25,apartment,
