,dt,hires,dropouts,total_employees,dt_time,turnover,employerId,location,buildingId,location_x,location_y,buildingType,businessType
444,2022-03-02,0.0,0.0,1.0,2022-03-02,,379,POINT (-1849.997168394888 1744.6010147106394),823,-1849.997168394888,1744.6010147106394,Commercial,Other
890,2022-03-02,0.0,0.0,4.0,2022-03-02,,381,POINT (877.2786575380362 1358.5441805909259),279,877.2786575380362,1358.5441805909259,Commercial,Other
1335,2022-03-02,0.0,0.0,4.0,2022-03-02,,382,POINT (670.3987400004884 1584.4743462106067),3,670.3987400004884,1584.4743462106067,Commercial,Other
1780,2022-03-02,0.0,0.0,6.0,2022-03-02,,383,POINT (829.9556783260775 2163.4803049897623),146,829.9556783260775,2163.4803049897623,Commercial,Other
2225,2022-03-02,0.0,0.0,3.0,2022-03-02,,384,POINT (880.1644882398598 4339.7016557216575),527,880.1644882398598,4339.7016557216575,Commercial,Other
2670,2022-03-02,0.0,0.0,5.0,2022-03-02,,385,POINT (231.13884534051988 1095.6471792268785),782,231.13884534051988,1095.6471792268785,Commercial,Other
3115,2022-03-02,0.0,0.0,5.0,2022-03-02,,386,POINT (-1349.8842287593952 1610.4623628717086),596,-1349.8842287593952,1610.4623628717086,Commercial,Other
3560,2022-03-02,0.0,0.0,2.0,2022-03-02,,387,POINT (864.9382009582821 1556.3972795892669),880,864.9382009582821,1556.3972795892669,Commercial,Other
4005,2022-03-02,0.0,0.0,5.0,2022-03-02,,388,POINT (611.8427226577171 2550.7250184246723),986,611.8427226577171,2550.7250184246723,Commercial,Other
4450,2022-03-02,0.0,0.0,3.0,2022-03-02,,389,POINT (1749.107722959826 4023.6598528872755),1020,1749.107722959826,4023.6598528872755,Commercial,Other
4895,2022-03-02,0.0,0.0,3.0,2022-03-02,,390,POINT (994.4462620941047 3762.3654281251634),347,994.4462620941047,3762.3654281251634,Commercial,Other
5340,2022-03-02,0.0,0.0,2.0,2022-03-02,,391,POINT (609.8156412485578 787.4692664792319),632,609.8156412485578,787.4692664792319,Commercial,Other
5785,2022-03-02,0.0,0.0,3.0,2022-03-02,,392,POINT (-885.2966139548657 1555.9764946386085),315,-885.2966139548657,1555.9764946386085,Commercial,Other
6230,2022-03-02,0.0,0.0,4.0,2022-03-02,,393,POINT (903.9691099852218 4220.741537877808),592,903.9691099852218,4220.741537877808,Commercial,Other
6675,2022-03-02,0.0,0.0,1.0,2022-03-02,,394,POINT (865.149408963124 982.7393731902811),893,865.149408963124,982.7393731902811,Commercial,Other
7120,2022-03-02,0.0,0.0,3.0,2022-03-02,,395,POINT (286.586327845334 1725.5999247626096),230,286.586327845334,1725.5999247626096,Commercial,Other
7565,2022-03-02,0.0,0.0,7.0,2022-03-02,,396,POINT (868.902110395577 4390.34074468453),590,868.902110395577,4390.34074468453,Commercial,Other
8010,2022-03-02,0.0,0.0,5.0,2022-03-02,,397,POINT (1499.3204774627252 4304.553083816536),351,1499.3204774627252,4304.553083816536,Commercial,Other
8455,2022-03-02,0.0,0.0,4.0,2022-03-02,,398,POINT (754.0987512384932 1394.0500627767071),692,754.0987512384932,1394.0500627767071,Commercial,Other
8900,2022-03-02,0.0,0.0,5.0,2022-03-02,,399,POINT (1626.36173317109 4226.189405838731),180,1626.36173317109,4226.189405838731,Commercial,Other
9345,2022-03-02,0.0,0.0,2.0,2022-03-02,,400,POINT (753.1769059100845 1739.395851679909),227,753.1769059100845,1739.395851679909,Commercial,Other
9790,2022-03-02,0.0,0.0,5.0,2022-03-02,,401,POINT (-1674.8630003427375 1638.1520588255166),623,-1674.8630003427375,1638.1520588255166,Commercial,Other
10235,2022-03-02,0.0,0.0,4.0,2022-03-02,,402,POINT (1004.1152674725888 4462.540163068401),717,1004.1152674725888,4462.540163068401,Commercial,Other
10680,2022-03-02,0.0,0.0,6.0,2022-03-02,,403,POINT (2026.3999572104358 4142.402774048681),1023,2026.3999572104358,4142.402774048681,Commercial,Other
11125,2022-03-02,0.0,0.0,1.0,2022-03-02,,404,POINT (2630 4050),103,2630.0,4050.0,Commercial,Other
11570,2022-03-02,0.0,0.0,5.0,2022-03-02,,405,POINT (1535.4111740520664 4021.741043075247),982,1535.4111740520664,4021.741043075247,Commercial,Other
12015,2022-03-02,1.0,1.0,7.0,2022-03-02,0.0,406,POINT (973.2374190327052 3805.640410966102),347,973.2374190327052,3805.640410966102,Commercial,Other
12460,2022-03-02,1.0,1.0,5.0,2022-03-02,0.0,407,POINT (1105.2630658126443 3730.801103253373),1033,1105.2630658126443,3730.801103253373,Commercial,Other
12905,2022-03-02,0.0,0.0,6.0,2022-03-02,,408,POINT (412.9860808984934 1033.1806025214216),516,412.9860808984934,1033.1806025214216,Commercial,Other
13350,2022-03-02,0.0,0.0,1.0,2022-03-02,,409,POINT (1207.490101417887 4007.885706041321),225,1207.490101417887,4007.885706041321,Commercial,Other
13795,2022-03-02,0.0,0.0,4.0,2022-03-02,,410,POINT (1376.3976505541523 4822.779542501879),1024,1376.3976505541523,4822.779542501879,Commercial,Other
14240,2022-03-02,1.0,1.0,3.0,2022-03-02,0.0,411,POINT (916.9315425022253 4292.958506850986),527,916.9315425022253,4292.958506850986,Commercial,Other
14685,2022-03-02,0.0,0.0,2.0,2022-03-02,,412,POINT (496.2476568904982 1686.1524496266945),1009,496.2476568904982,1686.1524496266945,Commercial,Other
15130,2022-03-02,0.0,0.0,5.0,2022-03-02,,413,POINT (917.1190165763343 2102.895037900609),354,917.1190165763343,2102.895037900609,Commercial,Other
15575,2022-03-02,0.0,0.0,5.0,2022-03-02,,414,POINT (-82.06554016401982 1511.1129553803012),983,-82.06554016401982,1511.1129553803012,Commercial,Other
16020,2022-03-02,0.0,0.0,5.0,2022-03-02,,415,POINT (1496.4456131589884 4021.741043075247),982,1496.4456131589884,4021.741043075247,Commercial,Other
16465,2022-03-02,1.0,1.0,5.0,2022-03-02,0.0,416,POINT (507.31810222892034 1381.6774426214972),493,507.31810222892034,1381.6774426214972,Commercial,Other
16910,2022-03-02,0.0,0.0,3.0,2022-03-02,,417,POINT (-903.1271422325927 1570.7679946298354),315,-903.1271422325927,1570.7679946298354,Commercial,Other
17355,2022-03-02,1.0,1.0,5.0,2022-03-02,0.0,418,POINT (789.621374888836 1269.8729153421614),472,789.621374888836,1269.8729153421614,Commercial,Other
17800,2022-03-02,0.0,0.0,2.0,2022-03-02,,419,POINT (660.2070252315734 3532.331326221758),511,660.2070252315734,3532.331326221758,Commercial,Other
17833,2022-03-02,0.0,0.0,1.0,2022-03-02,,420,POINT (1677.4145716575592 4234.689307976414),795,1677.4145716575592,4234.689307976414,Commercial,Other
18278,2022-03-02,0.0,0.0,5.0,2022-03-02,,421,POINT (813.0476801480482 4199.837241599387),479,813.0476801480482,4199.837241599387,Commercial,Other
18723,2022-03-02,0.0,0.0,4.0,2022-03-02,,422,POINT (1273.4344092361837 1252.930095226732),317,1273.4344092361837,1252.930095226732,Commercial,Other
19168,2022-03-02,0.0,0.0,5.0,2022-03-02,,423,POINT (650.4125958509642 1744.50624697462),304,650.4125958509642,1744.50624697462,Commercial,Restaurant
19613,2022-03-02,0.0,0.0,5.0,2022-03-02,,424,POINT (39.59877121487088 1259.7742218297456),936,39.59877121487088,1259.7742218297456,Commercial,Other
20058,2022-03-02,0.0,0.0,4.0,2022-03-02,,425,POINT (-328.8906021165615 1795.1079117198856),946,-328.8906021165615,1795.1079117198856,Commercial,Other
20503,2022-03-02,0.0,0.0,4.0,2022-03-02,,426,POINT (-904.2325319573049 1335.9506479412894),256,-904.2325319573049,1335.9506479412894,Commercial,Other
20948,2022-03-02,0.0,0.0,5.0,2022-03-02,,427,POINT (-885.2966139548657 1555.9764946386085),315,-885.2966139548657,1555.9764946386085,Commercial,Other
21393,2022-03-02,0.0,0.0,3.0,2022-03-02,,428,POINT (1174.5599898893972 3684.5515693344405),323,1174.5599898893972,3684.5515693344405,Commercial,Other
21838,2022-03-02,4.0,3.0,8.0,2022-03-02,0.33333333333333326,429,POINT (715.9086691087551 4418.132191398763),964,715.9086691087551,4418.132191398763,Commercial,Restaurant
22283,2022-03-02,0.0,0.0,1.0,2022-03-02,,430,POINT (707.1111664944394 2001.4772026036535),304,707.1111664944394,2001.4772026036535,Commercial,Restaurant
22728,2022-03-02,0.0,0.0,1.0,2022-03-02,,431,POINT (-294.35496310306917 1795.1079117198856),946,-294.35496310306917,1795.1079117198856,Commercial,Other
23173,2022-03-02,0.0,0.0,4.0,2022-03-02,,432,POINT (991.3270590871906 4100.917174659022),142,991.3270590871906,4100.917174659022,Commercial,Other
23618,2022-03-02,0.0,0.0,1.0,2022-03-02,,433,POINT (318.94970745415804 1033.1806025214216),516,318.94970745415804,1033.1806025214216,Commercial,Other
24063,2022-03-02,0.0,0.0,5.0,2022-03-02,,434,POINT (800.6342599068146 4103.165163999878),150,800.6342599068146,4103.165163999878,Commercial,Other
24508,2022-03-02,1.0,0.0,5.0,2022-03-02,inf,435,POINT (1122.7448164206246 4383.066969959758),34,1122.7448164206246,4383.066969959758,Commercial,Other
24953,2022-03-02,1.0,1.0,4.0,2022-03-02,0.0,436,POINT (1376.3976505541523 4861.346259046002),1024,1376.3976505541523,4861.346259046002,Commercial,Other
25398,2022-03-02,3.0,2.0,9.0,2022-03-02,0.5,437,POINT (660.2070252315734 3610.994566867167),511,660.2070252315734,3610.994566867167,Commercial,Other
25843,2022-03-02,5.0,4.0,9.0,2022-03-02,0.25,438,POINT (2130.281249848629 4828.020411811667),972,2130.281249848629,4828.020411811667,Commercial,Other
26288,2022-03-02,0.0,0.0,6.0,2022-03-02,,439,POINT (585.2216880077107 3622.7180435904966),395,585.2216880077107,3622.7180435904966,Commercial,Other
26733,2022-03-02,0.0,0.0,5.0,2022-03-02,,440,POINT (448.79913987469365 4328.78174286464),644,448.79913987469365,4328.78174286464,Commercial,Other
27178,2022-03-02,0.0,0.0,5.0,2022-03-02,,441,POINT (-81.95690431663532 1423.077479497391),241,-81.95690431663532,1423.077479497391,Commercial,Other
27623,2022-03-02,0.0,0.0,1.0,2022-03-02,,829,POINT (-1683.9788287469512 4166.34595719268),411,-1683.9788287469512,4166.34595719268,Commercial,Other
28068,2022-03-02,0.0,0.0,4.0,2022-03-02,,830,POINT (-804.6120047431612 5042.0163759841835),421,-804.6120047431612,5042.0163759841835,Commercial,Other
28513,2022-03-02,0.0,0.0,3.0,2022-03-02,,831,POINT (-2200.279972988196 3572.4693137151007),32,-2200.279972988196,3572.4693137151007,Commercial,Other
28959,2022-03-02,0.0,0.0,3.0,2022-03-02,,833,POINT (-1967.8258905516104 4299.950272203162),93,-1967.8258905516104,4299.950272203162,Commercial,Other
29404,2022-03-02,0.0,0.0,2.0,2022-03-02,,834,POINT (-2380.139484985013 2944.7204566724226),869,-2380.139484985013,2944.7204566724226,Commercial,Other
29850,2022-03-02,0.0,0.0,2.0,2022-03-02,,836,POINT (-692.9825370378298 4950.223259408762),694,-692.9825370378298,4950.223259408762,Commercial,Other
30295,2022-03-02,5.0,4.0,10.0,2022-03-02,0.25,837,POINT (-2236.8263209885145 5274.27538066303),17,-2236.8263209885145,5274.27538066303,Commercial,Other
30740,2022-03-02,0.0,0.0,4.0,2022-03-02,,838,POINT (-1403.8103454524935 4457.26433207949),422,-1403.8103454524935,4457.26433207949,Commercial,Other
31185,2022-03-02,0.0,0.0,1.0,2022-03-02,,839,POINT (-1567.7082661009404 4491.2624087298655),162,-1567.7082661009404,4491.2624087298655,Commercial,Other
31630,2022-03-02,0.0,0.0,3.0,2022-03-02,,840,POINT (-1771.452216635636 4258.263943913515),917,-1771.452216635636,4258.263943913515,Commercial,Restaurant
32075,2022-03-02,0.0,0.0,5.0,2022-03-02,,841,POINT (-1771.452216635636 4386.238292917949),917,-1771.452216635636,4386.238292917949,Commercial,Restaurant
32520,2022-03-02,0.0,0.0,3.0,2022-03-02,,842,POINT (-692.7127197082955 5040.3388326223985),773,-692.7127197082955,5040.3388326223985,Commercial,Other
32965,2022-03-02,0.0,0.0,4.0,2022-03-02,,843,POINT (-2330.4222998927135 2944.7204566724226),869,-2330.4222998927135,2944.7204566724226,Commercial,Other
33410,2022-03-02,0.0,0.0,1.0,2022-03-02,,844,POINT (-836.719215114457 4482.040750623393),86,-836.719215114457,4482.040750623393,Commercial,Restaurant
33855,2022-03-02,0.0,0.0,4.0,2022-03-02,,845,POINT (-2363.1419320065197 2673.8808116595965),373,-2363.1419320065197,2673.8808116595965,Commercial,Other
34300,2022-03-02,0.0,0.0,1.0,2022-03-02,,846,POINT (-996.7808287569317 4750.184044489247),966,-996.7808287569317,4750.184044489247,Commercial,Other
34745,2022-03-02,0.0,0.0,5.0,2022-03-02,,847,POINT (-1680.9362530924764 4258.263943913515),917,-1680.9362530924764,4258.263943913515,Commercial,Restaurant
35190,2022-03-02,0.0,0.0,2.0,2022-03-02,,848,POINT (-468.02948129574554 4779.921390126033),121,-468.02948129574554,4779.921390126033,Commercial,Other
35635,2022-03-02,3.0,3.0,5.0,2022-03-02,0.0,849,POINT (-2231.66793504236 2598.728790351024),426,-2231.66793504236,2598.728790351024,Commercial,Other
36080,2022-03-02,0.0,0.0,4.0,2022-03-02,,850,POINT (-2364.178807858101 5198.1957151603365),485,-2364.178807858101,5198.1957151603365,Commercial,Other
36525,2022-03-02,0.0,0.0,3.0,2022-03-02,,851,POINT (-1398.3957137180148 4280.0291470642405),544,-1398.3957137180148,4280.0291470642405,Commercial,Other
36970,2022-03-02,0.0,0.0,4.0,2022-03-02,,852,POINT (-820.4751468446739 4770.301635511239),474,-820.4751468446739,4770.301635511239,Commercial,Other
37415,2022-03-02,5.0,5.0,8.0,2022-03-02,0.0,853,POINT (-811.6790007765514 4695.717947460926),549,-811.6790007765514,4695.717947460926,Commercial,Other
37860,2022-03-02,0.0,0.0,3.0,2022-03-02,,854,POINT (-2107.0655661560804 4184.061539506543),446,-2107.0655661560804,4184.061539506543,Commercial,Other
38305,2022-03-02,0.0,0.0,5.0,2022-03-02,,855,POINT (-784.6236528229551 4940.6907489765335),375,-784.6236528229551,4940.6907489765335,Commercial,Other
38750,2022-03-02,0.0,0.0,3.0,2022-03-02,,856,POINT (-468.02948129574554 4846.264154979615),121,-468.02948129574554,4846.264154979615,Commercial,Other
39195,2022-03-02,1.0,1.0,6.0,2022-03-02,0.0,857,POINT (-1096.0839701505342 4912.223245927846),190,-1096.0839701505342,4912.223245927846,Commercial,Other
39641,2022-03-02,0.0,0.0,5.0,2022-03-02,,859,POINT (-1684.5679842891263 3880.0711276345087),238,-1684.5679842891263,3880.0711276345087,Commercial,Pub
40086,2022-03-02,0.0,0.0,1.0,2022-03-02,,860,POINT (-836.8537841209326 4575.535706396641),132,-836.8537841209326,4575.535706396641,Commercial,Other
40531,2022-03-02,0.0,0.0,2.0,2022-03-02,,861,POINT (-2235.2922404843403 5106.71812915923),151,-2235.2922404843403,5106.71812915923,Commercial,Other
40976,2022-03-02,0.0,0.0,2.0,2022-03-02,,862,POINT (-1475.3580476204697 4473.948598738494),578,-1475.3580476204697,4473.948598738494,Commercial,Other
41421,2022-03-02,0.0,0.0,4.0,2022-03-02,,863,POINT (-1967.8258905516104 4254.2510682971215),93,-1967.8258905516104,4254.2510682971215,Commercial,Other
41866,2022-03-02,0.0,0.0,3.0,2022-03-02,,864,POINT (-1885.1886006319482 4569.0851981845035),118,-1885.1886006319482,4569.0851981845035,Commercial,Other
42311,2022-03-02,0.0,0.0,5.0,2022-03-02,,865,POINT (-1968.219929915483 4032.689324603983),862,-1968.219929915483,4032.689324603983,Commercial,Other
42756,2022-03-02,0.0,0.0,2.0,2022-03-02,,866,POINT (-1496.9713369216481 4493.171613333192),578,-1496.9713369216481,4493.171613333192,Commercial,Other
43201,2022-03-02,3.0,2.0,7.0,2022-03-02,0.5,867,POINT (-1903.2691698783528 4549.78019591636),118,-1903.2691698783528,4549.78019591636,Commercial,Other
43646,2022-03-02,0.0,0.0,6.0,2022-03-02,,868,POINT (-1982.7850080737494 4381.550830536558),416,-1982.7850080737494,4381.550830536558,Commercial,Other
44091,2022-03-02,0.0,0.0,4.0,2022-03-02,,869,POINT (-855.2484275272525 4593.770197855418),132,-855.2484275272525,4593.770197855418,Commercial,Other
44536,2022-03-02,0.0,0.0,4.0,2022-03-02,,870,POINT (-1499.9043260061567 4258.263943913515),917,-1499.9043260061567,4258.263943913515,Commercial,Restaurant
44981,2022-03-02,0.0,0.0,5.0,2022-03-02,,871,POINT (-2202.659451917056 3456.928318795747),297,-2202.659451917056,3456.928318795747,Commercial,Other
45426,2022-03-02,0.0,0.0,3.0,2022-03-02,,872,POINT (-2202.659451917056 3327.781752937518),297,-2202.659451917056,3327.781752937518,Commercial,Other
45871,2022-03-02,0.0,0.0,6.0,2022-03-02,,873,POINT (-2000.3032213302695 4184.061539506543),446,-2000.3032213302695,4184.061539506543,Commercial,Other
46316,2022-03-02,0.0,0.0,6.0,2022-03-02,,874,POINT (-1985.985052430187 4683.882031145004),567,-1985.985052430187,4683.882031145004,Commercial,Other
46761,2022-03-02,0.0,0.0,1.0,2022-03-02,,875,POINT (-981.7218378806529 4774.377841270679),966,-981.7218378806529,4774.377841270679,Commercial,Other
47206,2022-03-02,1.0,0.0,7.0,2022-03-02,inf,876,POINT (-1670.937273533352 4186.622203455871),411,-1670.937273533352,4186.622203455871,Commercial,Other
47651,2022-03-02,0.0,0.0,8.0,2022-03-02,,877,POINT (-1784.078473278472 4571.813634096875),670,-1784.078473278472,4571.813634096875,Commercial,Other
48096,2022-03-02,1.0,1.0,7.0,2022-03-02,0.0,878,POINT (-1104.6810874856722 4468.581510395101),205,-1104.6810874856722,4468.581510395101,Commercial,Other
48541,2022-03-02,0.0,0.0,2.0,2022-03-02,,879,POINT (-2198.792729602534 4271.178583140792),930,-2198.792729602534,4271.178583140792,Commercial,Other
48986,2022-03-02,0.0,0.0,3.0,2022-03-02,,880,POINT (-2330.4222998927135 2982.861013084039),869,-2330.4222998927135,2982.861013084039,Commercial,Other
49431,2022-03-02,0.0,0.0,2.0,2022-03-02,,881,POINT (-911.019048928239 4853.786158585597),243,-911.019048928239,4853.786158585597,Commercial,Other
49876,2022-03-02,0.0,0.0,2.0,2022-03-02,,882,POINT (-1241.6483470328672 3722.01804223004),106,-1241.6483470328672,3722.01804223004,Commercial,Other
50321,2022-03-02,0.0,0.0,8.0,2022-03-02,,883,POINT (-2148.436841916328 5261.788712538423),17,-2148.436841916328,5261.788712538423,Commercial,Other
50766,2022-03-02,2.0,2.0,3.0,2022-03-02,0.0,884,POINT (-1968.219929915483 3886.9152696618244),862,-1968.219929915483,3886.9152696618244,Commercial,Other
51211,2022-03-02,2.0,1.0,6.0,2022-03-02,1.0,885,POINT (-2195.7632940592357 5124.807852313174),151,-2195.7632940592357,5124.807852313174,Commercial,Other
51656,2022-03-02,0.0,0.0,3.0,2022-03-02,,886,POINT (-784.6236528229551 4863.66806749154),375,-784.6236528229551,4863.66806749154,Commercial,Other
52101,2022-03-02,0.0,0.0,5.0,2022-03-02,,887,POINT (-1590.604526018032 4166.9915883892645),339,-1590.604526018032,4166.9915883892645,Commercial,Other
52546,2022-03-02,0.0,0.0,3.0,2022-03-02,,888,POINT (-1034.4629823865148 3711.3026228381386),254,-1034.4629823865148,3711.3026228381386,Commercial,Other
52991,2022-03-02,0.0,0.0,2.0,2022-03-02,,889,POINT (-1590.4202895493163 4258.263943913515),917,-1590.4202895493163,4258.263943913515,Commercial,Restaurant
53436,2022-03-02,0.0,0.0,1.0,2022-03-02,,890,POINT (-2240.4913941583936 5198.567602243795),781,-2240.4913941583936,5198.567602243795,Commercial,Other
53881,2022-03-02,0.0,0.0,5.0,2022-03-02,,891,POINT (-1089.9889021305112 4455.822342476473),205,-1089.9889021305112,4455.822342476473,Commercial,Other
54326,2022-03-02,0.0,0.0,3.0,2022-03-02,,1279,POINT (-654.0366978538146 3632.0760648960236),923,-654.0366978538146,3632.0760648960236,Commercial,Other
54771,2022-03-02,0.0,0.0,2.0,2022-03-02,,1280,POINT (-501.42676062779447 3608.0722709059037),489,-501.42676062779447,3608.0722709059037,Commercial,Pub
55216,2022-03-02,0.0,0.0,4.0,2022-03-02,,1281,POINT (-250.10250760487784 4857.0064836405545),580,-250.10250760487784,4857.0064836405545,Commercial,Other
55661,2022-03-02,0.0,0.0,3.0,2022-03-02,,1282,POINT (-746.0297799695958 4008.345279959909),765,-746.0297799695958,4008.345279959909,Commercial,Other
56106,2022-03-02,0.0,0.0,6.0,2022-03-02,,1283,POINT (-2909.0282137217323 6510.130398749252),870,-2909.0282137217323,6510.130398749252,Commercial,Other
56551,2022-03-02,0.0,0.0,4.0,2022-03-02,,1284,POINT (-746.105838089235 5429.550547514793),260,-746.105838089235,5429.550547514793,Commercial,Other
56996,2022-03-02,0.0,0.0,6.0,2022-03-02,,1285,POINT (170.74694042286592 4771.135720847398),595,170.74694042286592,4771.135720847398,Commercial,Other
57441,2022-03-02,0.0,0.0,5.0,2022-03-02,,1286,POINT (-2724.188038485895 6717.649856866765),715,-2724.188038485895,6717.649856866765,Commercial,Other
57886,2022-03-02,0.0,0.0,4.0,2022-03-02,,1287,POINT (-5.816781980895537 3582.204933328363),255,-5.816781980895537,3582.204933328363,Commercial,Other
58331,2022-03-02,0.0,0.0,3.0,2022-03-02,,1288,POINT (-657.7838584306992 5932.81369824289),680,-657.7838584306992,5932.81369824289,Commercial,Other
58776,2022-03-02,0.0,0.0,4.0,2022-03-02,,1289,POINT (-3528.306824887696 4886.547525269254),441,-3528.306824887696,4886.547525269254,Commercial,Other
59221,2022-03-02,0.0,0.0,2.0,2022-03-02,,1290,POINT (-625.2259566520925 4283.435087651933),755,-625.2259566520925,4283.435087651933,Commercial,Other
59666,2022-03-02,0.0,0.0,5.0,2022-03-02,,1291,POINT (-2010.8517708960426 5283.76492656323),475,-2010.8517708960426,5283.76492656323,Commercial,Other
60111,2022-03-02,0.0,0.0,2.0,2022-03-02,,1292,POINT (-170.84228756724124 3790.7387811979065),664,-170.84228756724124,3790.7387811979065,Commercial,Other
60556,2022-03-02,0.0,0.0,1.0,2022-03-02,,1293,POINT (-1912.6667454275262 5288.50006673243),333,-1912.6667454275262,5288.50006673243,Commercial,Other
61001,2022-03-02,1.0,1.0,2.0,2022-03-02,0.0,1294,POINT (-580.0171765817988 5936.726442233701),49,-580.0171765817988,5936.726442233701,Commercial,Other
61446,2022-03-02,0.0,0.0,5.0,2022-03-02,,1295,POINT (-831.1509970580761 4313.035927387888),981,-831.1509970580761,4313.035927387888,Commercial,Other
61891,2022-03-02,0.0,0.0,3.0,2022-03-02,,1296,POINT (-826.2456539995576 5240.884421871655),1016,-826.2456539995576,5240.884421871655,Commercial,Other
62336,2022-03-02,0.0,0.0,5.0,2022-03-02,,1297,POINT (-3255.070596103328 5479.41178070503),775,-3255.070596103328,5479.41178070503,Commercial,Other
62781,2022-03-02,0.0,0.0,6.0,2022-03-02,,1298,POINT (-3569.215604711074 4903.19250465635),441,-3569.215604711074,4903.19250465635,Commercial,Other
63226,2022-03-02,0.0,0.0,6.0,2022-03-02,,1299,POINT (-769.6207629156387 3991.9429115396124),765,-769.6207629156387,3991.9429115396124,Commercial,Other
63671,2022-03-02,0.0,0.0,4.0,2022-03-02,,1300,POINT (-251.55200766343 4701.616285011303),561,-251.55200766343,4701.616285011303,Commercial,Other
64116,2022-03-02,0.0,0.0,1.0,2022-03-02,,1301,POINT (-2847.855610673995 6663.900855198909),408,-2847.855610673995,6663.900855198909,Commercial,Other
64561,2022-03-02,0.0,0.0,3.0,2022-03-02,,1302,POINT (-3532.3417312509846 5586.896700834855),76,-3532.3417312509846,5586.896700834855,Commercial,Other
65006,2022-03-02,0.0,0.0,3.0,2022-03-02,,1303,POINT (-173.36434821207166 3690.962126114104),352,-173.36434821207166,3690.962126114104,Commercial,Other
65451,2022-03-02,0.0,0.0,4.0,2022-03-02,,1304,POINT (-3325.5754177846347 5307.883074335268),410,-3325.5754177846347,5307.883074335268,Commercial,Other
65896,2022-03-02,2.0,2.0,4.0,2022-03-02,0.0,1305,POINT (-416.1482587338951 5854.826833733975),64,-416.1482587338951,5854.826833733975,Commercial,Other
66341,2022-03-02,0.0,0.0,6.0,2022-03-02,,1306,POINT (-643.7038073647876 5917.381045442618),680,-643.7038073647876,5917.381045442618,Commercial,Other
66786,2022-03-02,0.0,0.0,5.0,2022-03-02,,1307,POINT (-711.2265332697073 3649.718385741581),923,-711.2265332697073,3649.718385741581,Commercial,Other
67231,2022-03-02,0.0,0.0,2.0,2022-03-02,,1308,POINT (-580.0171765817988 5936.726442233701),49,-580.0171765817988,5936.726442233701,Commercial,Other
67676,2022-03-02,0.0,0.0,3.0,2022-03-02,,1309,POINT (-3048.226902478323 6283.8148275615595),88,-3048.226902478323,6283.8148275615595,Commercial,Other
68121,2022-03-02,0.0,0.0,2.0,2022-03-02,,1310,POINT (-3061.6662672300545 5929.835547456925),434,-3061.6662672300545,5929.835547456925,Commercial,Other
68566,2022-03-02,0.0,0.0,5.0,2022-03-02,,1311,POINT (-1730.46161795225 5925.860203271363),401,-1730.46161795225,5925.860203271363,Commercial,Other
69011,2022-03-02,0.0,0.0,1.0,2022-03-02,,1312,POINT (-271.3160303970743 4985.574640487972),429,-271.3160303970743,4985.574640487972,Commercial,Pub
69456,2022-03-02,0.0,0.0,4.0,2022-03-02,,1313,POINT (-276.66830053571516 5125.990451518039),467,-276.66830053571516,5125.990451518039,Commercial,Other
69901,2022-03-02,4.0,3.0,6.0,2022-03-02,0.33333333333333326,1314,POINT (-3366.855921141151 5265.173730073946),410,-3366.855921141151,5265.173730073946,Commercial,Other
70346,2022-03-02,0.0,0.0,7.0,2022-03-02,,1315,POINT (-1275.0132591831693 5248.064077146062),156,-1275.0132591831693,5248.064077146062,Commercial,Other
70791,2022-03-02,1.0,1.0,4.0,2022-03-02,0.0,1316,POINT (447.7528813037526 4446.320032225456),1034,447.7528813037526,4446.320032225456,Commercial,Other
71236,2022-03-02,0.0,0.0,3.0,2022-03-02,,1317,POINT (-2616.4800271638437 6541.191811600034),588,-2616.4800271638437,6541.191811600034,Commercial,Other
71681,2022-03-02,0.0,0.0,3.0,2022-03-02,,1318,POINT (-525.2895730956825 4289.093106712981),343,-525.2895730956825,4289.093106712981,Commercial,Other
72126,2022-03-02,6.0,5.0,8.0,2022-03-02,0.19999999999999996,1319,POINT (-3366.855921141151 5307.883074335268),410,-3366.855921141151,5307.883074335268,Commercial,Other
72571,2022-03-02,0.0,0.0,2.0,2022-03-02,,1320,POINT (-840.6753278188867 5842.41531956319),284,-840.6753278188867,5842.41531956319,Commercial,Other
73016,2022-03-02,0.0,0.0,1.0,2022-03-02,,1321,POINT (-2616.4800271638437 6497.734086456471),588,-2616.4800271638437,6497.734086456471,Commercial,Other
73461,2022-03-02,0.0,0.0,2.0,2022-03-02,,1322,POINT (-1506.2062401757785 4764.893776885248),240,-1506.2062401757785,4764.893776885248,Commercial,Other
73906,2022-03-02,0.0,0.0,6.0,2022-03-02,,1323,POINT (-3079.473260122901 6283.8148275615595),88,-3079.473260122901,6283.8148275615595,Commercial,Other
74351,2022-03-02,0.0,0.0,2.0,2022-03-02,,1324,POINT (-525.2260085411027 4093.343371642296),486,-525.2260085411027,4093.343371642296,Commercial,Other
74796,2022-03-02,0.0,0.0,3.0,2022-03-02,,1325,POINT (-3565.1819079696543 6099.396253692319),969,-3565.1819079696543,6099.396253692319,Commercial,Other
75241,2022-03-02,0.0,0.0,5.0,2022-03-02,,1326,POINT (-3385.9171428962177 6106.353933788713),47,-3385.9171428962177,6106.353933788713,Commercial,Other
75686,2022-03-02,0.0,0.0,1.0,2022-03-02,,1327,POINT (-671.8639094966109 5917.381045442618),680,-671.8639094966109,5917.381045442618,Commercial,Other
76131,2022-03-02,0.0,0.0,2.0,2022-03-02,,1328,POINT (-3044.6480084760724 5950.665941497604),434,-3044.6480084760724,5950.665941497604,Commercial,Other
76576,2022-03-02,0.0,0.0,2.0,2022-03-02,,1329,POINT (-3149.9034099651917 5907.34610112186),413,-3149.9034099651917,5907.34610112186,Commercial,Other
77021,2022-03-02,4.0,4.0,10.0,2022-03-02,0.0,1330,POINT (-344.87724461848586 3683.020262283885),409,-344.87724461848586,3683.020262283885,Commercial,Other
77466,2022-03-02,0.0,0.0,2.0,2022-03-02,,1331,POINT (-129.40600692752216 3983.3015893368247),585,-129.40600692752216,3983.3015893368247,Commercial,Pub
77911,2022-03-02,0.0,0.0,1.0,2022-03-02,,1332,POINT (-749.8180735661666 5847.491401868583),584,-749.8180735661666,5847.491401868583,Commercial,Other
78356,2022-03-02,0.0,0.0,1.0,2022-03-02,,1333,POINT (-1936.1772434479183 5280.458797272058),333,-1936.1772434479183,5280.458797272058,Commercial,Other
78801,2022-03-02,0.0,0.0,3.0,2022-03-02,,1334,POINT (-2992.288271256545 6202.617103468241),487,-2992.288271256545,6202.617103468241,Commercial,Other
79246,2022-03-02,0.0,0.0,1.0,2022-03-02,,1335,POINT (-459.47416762396665 3608.0722709059037),489,-459.47416762396665,3608.0722709059037,Commercial,Pub
79691,2022-03-02,0.0,0.0,2.0,2022-03-02,,1336,POINT (-746.105838089235 5478.005756514865),260,-746.105838089235,5478.005756514865,Commercial,Other
80136,2022-03-02,0.0,0.0,4.0,2022-03-02,,1337,POINT (-2488.0018597976323 5885.7340875007185),269,-2488.0018597976323,5885.7340875007185,Commercial,Other
80581,2022-03-02,0.0,0.0,2.0,2022-03-02,,1338,POINT (-86.78279548948817 4702.886440892045),136,-86.78279548948817,4702.886440892045,Commercial,Other
81026,2022-03-02,0.0,0.0,4.0,2022-03-02,,1339,POINT (-3257.563509525645 5415.033051466755),8,-3257.563509525645,5415.033051466755,Commercial,Other
81471,2022-03-02,0.0,0.0,3.0,2022-03-02,,1340,POINT (-633.2986927355175 5354.847863423291),767,-633.2986927355175,5354.847863423291,Commercial,Other
81916,2022-03-02,0.0,0.0,5.0,2022-03-02,,1341,POINT (-1033.1767361471275 5766.179874318859),454,-1033.1767361471275,5766.179874318859,Commercial,Other
82361,2022-03-02,0.0,0.0,3.0,2022-03-02,,1734,POINT (-3480.17040400516 6856.274228255146),261,-3480.17040400516,6856.274228255146,Commercial,Other
82806,2022-03-02,0.0,0.0,4.0,2022-03-02,,1735,POINT (-3837.636675203619 5492.86911075103),749,-3837.636675203619,5492.86911075103,Commercial,Other
83251,2022-03-02,0.0,0.0,5.0,2022-03-02,,1736,POINT (-3588.8792873039974 6178.752204471673),521,-3588.8792873039974,6178.752204471673,Commercial,Other
83696,2022-03-02,0.0,0.0,6.0,2022-03-02,,1737,POINT (-4153.336133623585 5376.423146435112),1041,-4153.336133623585,5376.423146435112,Commercial,Other
84141,2022-03-02,0.0,0.0,2.0,2022-03-02,,1738,POINT (-3796.1198513891923 6367.922072582076),627,-3796.1198513891923,6367.922072582076,Commercial,Pub
84586,2022-03-02,0.0,0.0,2.0,2022-03-02,,1739,POINT (-3873.9638746980395 5651.680013350011),1028,-3873.9638746980395,5651.680013350011,Commercial,Other
85031,2022-03-02,0.0,0.0,3.0,2022-03-02,,1740,POINT (-3819.3395451914357 5136.905970442903),206,-3819.3395451914357,5136.905970442903,Commercial,Other
85476,2022-03-02,0.0,0.0,1.0,2022-03-02,,1741,POINT (-3707.0822804277777 5086.911895550575),990,-3707.0822804277777,5086.911895550575,Commercial,Other
85921,2022-03-02,0.0,0.0,5.0,2022-03-02,,1742,POINT (-3297.4064056514912 7156.152298524017),331,-3297.4064056514912,7156.152298524017,Commercial,Other
86366,2022-03-02,0.0,0.0,3.0,2022-03-02,,1743,POINT (-3748.3766341391333 5264.252683412442),808,-3748.3766341391333,5264.252683412442,Commercial,Other
86811,2022-03-02,0.0,0.0,3.0,2022-03-02,,1744,POINT (-3588.3242190090755 6798.416765323038),187,-3588.3242190090755,6798.416765323038,Commercial,Other
87256,2022-03-02,0.0,0.0,6.0,2022-03-02,,1745,POINT (-3209.738139187618 6557.838945386657),953,-3209.738139187618,6557.838945386657,Commercial,Pub
87701,2022-03-02,0.0,0.0,4.0,2022-03-02,,1746,POINT (-3973.0979051297536 5154.380353332814),912,-3973.0979051297536,5154.380353332814,Commercial,Other
88146,2022-03-02,0.0,0.0,1.0,2022-03-02,,1747,POINT (-3697.997083892924 5406.876829329331),37,-3697.997083892924,5406.876829329331,Commercial,Other
88591,2022-03-02,0.0,0.0,5.0,2022-03-02,,1748,POINT (-3098.599452999811 6628.6729119697975),160,-3098.599452999811,6628.6729119697975,Commercial,Restaurant
89036,2022-03-02,0.0,0.0,6.0,2022-03-02,,1749,POINT (-3221.2402871851464 6153.955275915399),932,-3221.2402871851464,6153.955275915399,Commercial,Other
89481,2022-03-02,0.0,0.0,2.0,2022-03-02,,1750,POINT (-3285.6340071544328 6326.229707307784),686,-3285.6340071544328,6326.229707307784,Commercial,Other
89926,2022-03-02,0.0,0.0,1.0,2022-03-02,,1751,POINT (-4515.907604161345 4631.612406745221),604,-4515.907604161345,4631.612406745221,Commercial,Other
90371,2022-03-02,0.0,0.0,2.0,2022-03-02,,1752,POINT (-3845.045732847575 5576.738358433912),695,-3845.045732847575,5576.738358433912,Commercial,Other
90816,2022-03-02,0.0,0.0,1.0,2022-03-02,,1753,POINT (-3472.3085856843627 6781.220179840805),807,-3472.3085856843627,6781.220179840805,Commercial,Other
91261,2022-03-02,0.0,0.0,1.0,2022-03-02,,1754,POINT (-3455.755866902949 6846.648090702398),261,-3455.755866902949,6846.648090702398,Commercial,Other
91706,2022-03-02,0.0,0.0,3.0,2022-03-02,,1755,POINT (-3433.3865437851464 7828.19605341454),183,-3433.3865437851464,7828.19605341454,Commercial,Other
92151,2022-03-02,1.0,1.0,3.0,2022-03-02,0.0,1756,POINT (-3556.8182888817087 6641.646724169853),277,-3556.8182888817087,6641.646724169853,Commercial,Other
92596,2022-03-02,0.0,0.0,4.0,2022-03-02,,1757,POINT (-3741.432303349839 5162.439641767197),949,-3741.432303349839,5162.439641767197,Commercial,Other
93041,2022-03-02,0.0,0.0,1.0,2022-03-02,,1758,POINT (-3742.540064583217 5916.875246852485),267,-3742.540064583217,5916.875246852485,Commercial,Other
93486,2022-03-02,0.0,0.0,7.0,2022-03-02,,1759,POINT (-3699.8519673978653 6540.218682083818),305,-3699.8519673978653,6540.218682083818,Commercial,Other
93931,2022-03-02,0.0,0.0,3.0,2022-03-02,,1760,POINT (-3210.355459657344 6648.152454626876),543,-3210.355459657344,6648.152454626876,Commercial,Other
94376,2022-03-02,0.0,0.0,3.0,2022-03-02,,1761,POINT (-3804.319468397756 5928.891714229324),26,-3804.319468397756,5928.891714229324,Commercial,Other
94821,2022-03-02,0.0,0.0,1.0,2022-03-02,,1762,POINT (-3195.7106978818483 6669.514454239059),543,-3195.7106978818483,6669.514454239059,Commercial,Other
95266,2022-03-02,0.0,0.0,6.0,2022-03-02,,1763,POINT (-3136.1278958093117 6628.6729119697975),160,-3136.1278958093117,6628.6729119697975,Commercial,Restaurant
95711,2022-03-02,0.0,0.0,3.0,2022-03-02,,1764,POINT (-3233.0731689874065 6116.185085735686),932,-3233.0731689874065,6116.185085735686,Commercial,Other
96156,2022-03-02,0.0,0.0,5.0,2022-03-02,,1765,POINT (-3556.8182888817087 6705.3104479782905),277,-3556.8182888817087,6705.3104479782905,Commercial,Other
96601,2022-03-02,0.0,0.0,4.0,2022-03-02,,1766,POINT (-3209.738139187618 6522.748316725878),953,-3209.738139187618,6522.748316725878,Commercial,Pub
97046,2022-03-02,0.0,0.0,4.0,2022-03-02,,1767,POINT (-3972.0306074440496 5494.63962663673),285,-3972.0306074440496,5494.63962663673,Commercial,Restaurant
97491,2022-03-02,0.0,0.0,5.0,2022-03-02,,1768,POINT (-3837.722151176433 6367.922072582076),627,-3837.722151176433,6367.922072582076,Commercial,Pub
97936,2022-03-02,0.0,0.0,1.0,2022-03-02,,1769,POINT (-3864.510743062192 5591.096494771966),695,-3864.510743062192,5591.096494771966,Commercial,Other
98381,2022-03-02,0.0,0.0,5.0,2022-03-02,,1770,POINT (-3796.1198513891923 6330.793189700022),627,-3796.1198513891923,6330.793189700022,Commercial,Pub
98826,2022-03-02,0.0,0.0,8.0,2022-03-02,,1771,POINT (-3724.8780422091695 6559.417348100849),305,-3724.8780422091695,6559.417348100849,Commercial,Other
99271,2022-03-02,0.0,0.0,2.0,2022-03-02,,1772,POINT (-4067.560404648976 6647.483016330907),928,-4067.560404648976,6647.483016330907,Commercial,Other
99716,2022-03-02,0.0,0.0,2.0,2022-03-02,,1773,POINT (-3823.49246369498 5777.21975219098),877,-3823.49246369498,5777.21975219098,Commercial,Other
100161,2022-03-02,0.0,0.0,2.0,2022-03-02,,1774,POINT (-3448.9410759401935 6764.519625514673),807,-3448.9410759401935,6764.519625514673,Commercial,Other
100606,2022-03-02,0.0,0.0,1.0,2022-03-02,,1775,POINT (-4150.694543856866 5079.325752156183),28,-4150.694543856866,5079.325752156183,Commercial,Other
101051,2022-03-02,0.0,0.0,3.0,2022-03-02,,1776,POINT (-3968.209268500128 6628.224805854068),714,-3968.209268500128,6628.224805854068,Commercial,Restaurant
101496,2022-03-02,0.0,0.0,1.0,2022-03-02,,1777,POINT (-3676.9008460947675 6798.416765323038),187,-3676.9008460947675,6798.416765323038,Commercial,Other
101941,2022-03-02,0.0,0.0,2.0,2022-03-02,,1778,POINT (-3973.0979051297536 5074.196536201016),912,-3973.0979051297536,5074.196536201016,Commercial,Other
102386,2022-03-02,0.0,0.0,4.0,2022-03-02,,1779,POINT (-4024.211498692567 5693.927626980997),175,-4024.211498692567,5693.927626980997,Commercial,Other
102831,2022-03-02,0.0,0.0,2.0,2022-03-02,,1780,POINT (-3626.9857811665415 6864.377979830607),583,-3626.9857811665415,6864.377979830607,Commercial,Other
103276,2022-03-02,0.0,0.0,3.0,2022-03-02,,1781,POINT (-3480.17040400516 6856.274228255146),261,-3480.17040400516,6856.274228255146,Commercial,Other
103721,2022-03-02,0.0,0.0,5.0,2022-03-02,,1782,POINT (-3205.791803054025 7158.9906355191815),213,-3205.791803054025,7158.9906355191815,Commercial,Restaurant
104166,2022-03-02,0.0,0.0,1.0,2022-03-02,,1783,POINT (-3717.4879855839513 6703.2047004256),788,-3717.4879855839513,6703.2047004256,Commercial,Other
104611,2022-03-02,0.0,0.0,3.0,2022-03-02,,1784,POINT (-4017.808180711095 6949.612770383012),453,-4017.808180711095,6949.612770383012,Commercial,Other
105056,2022-03-02,0.0,0.0,3.0,2022-03-02,,1785,POINT (-4597.345294446435 4632.743040664964),129,-4597.345294446435,4632.743040664964,Commercial,Other
105501,2022-03-02,0.0,0.0,8.0,2022-03-02,,1786,POINT (-3300.166421375523 6148.413135904235),738,-3300.166421375523,6148.413135904235,Commercial,Other
105946,2022-03-02,0.0,0.0,2.0,2022-03-02,,1787,POINT (-4002.9335312988205 6628.224805854068),714,-4002.9335312988205,6628.224805854068,Commercial,Restaurant
106391,2022-03-02,0.0,0.0,5.0,2022-03-02,,1788,POINT (-3463.167738075059 7836.545593061912),183,-3463.167738075059,7836.545593061912,Commercial,Other
106836,2022-03-02,0.0,0.0,6.0,2022-03-02,,1789,POINT (-3813.2913987997836 5750.038441232494),877,-3813.2913987997836,5750.038441232494,Commercial,Other
107281,2022-03-02,0.0,0.0,6.0,2022-03-02,,1790,POINT (-3927.9102395808727 5570.155155320008),285,-3927.9102395808727,5570.155155320008,Commercial,Restaurant
107726,2022-03-02,0.0,0.0,1.0,2022-03-02,,1791,POINT (-3209.407405382886 6191.725466095112),932,-3209.407405382886,6191.725466095112,Commercial,Other
108171,2022-03-02,0.0,0.0,6.0,2022-03-02,,1792,POINT (-3833.6935285901764 5804.401063149466),877,-3833.6935285901764,5804.401063149466,Commercial,Other
108616,2022-03-02,0.0,0.0,6.0,2022-03-02,,1793,POINT (-3313.211912858075 6185.8337275541235),738,-3313.211912858075,6185.8337275541235,Commercial,Other
109061,2022-03-02,0.0,0.0,2.0,2022-03-02,,1794,POINT (-3786.373075235378 4999.485452069126),802,-3786.373075235378,4999.485452069126,Commercial,Other
109506,2022-03-02,0.0,0.0,6.0,2022-03-02,,1795,POINT (-3267.606054814424 6452.56705940432),953,-3267.606054814424,6452.56705940432,Commercial,Pub
109951,2022-03-02,0.0,0.0,5.0,2022-03-02,,1796,POINT (-3725.261225376805 6345.551342169127),1011,-3725.261225376805,6345.551342169127,Commercial,Other
110396,2022-03-02,0.0,0.0,1.0,2022-03-02,,1797,POINT (-3759.480918044369 5179.602735764589),949,-3759.480918044369,5179.602735764589,Commercial,Other
