,participantid,from_timestamp,to_timestamps,hour_diff,venueid,venuetype,employerId,tot_hires,tot_dropouts,avg_employees,location_x,location_y,businessType,buildingId,hourlyCost,pubId,spents
0,619,3/1/22,3/1/22,2.0,1798,Pub,1745.0,0.0,0.0,6.0,-3209.738139187618,6557.838945386657,Pub,953.0,11.54535121,1798.0,23.09070242
1,619,3/1/22,3/1/22,2.0,1798,Pub,1766.0,0.0,0.0,4.0,-3209.738139187618,6522.748316725878,Pub,953.0,11.54535121,1798.0,23.09070242
2,619,3/1/22,3/1/22,2.0,1798,Pub,1795.0,0.0,0.0,6.0,-3267.606054814424,6452.56705940432,Pub,953.0,11.54535121,1798.0,23.09070242
3,619,3/1/22,3/1/22,2.0,1800,Pub,1738.0,0.0,0.0,2.0,-3796.1198513891923,6367.922072582076,Pub,627.0,10.20684548,1800.0,20.41369096
4,619,3/1/22,3/1/22,2.0,1800,Pub,1768.0,0.0,0.0,5.0,-3837.722151176433,6367.922072582076,Pub,627.0,10.20684548,1800.0,20.41369096
5,619,3/1/22,3/1/22,2.0,1800,Pub,1770.0,0.0,0.0,5.0,-3796.1198513891923,6330.793189700022,Pub,627.0,10.20684548,1800.0,20.41369096
6,619,3/1/22,3/1/22,3.0,1344,Pub,1331.0,0.0,0.0,2.0,-129.40600692752216,3983.3015893368247,Pub,585.0,10.41529315,1344.0,31.24587945
7,619,3/2/22,3/2/22,1.0,1798,Pub,1745.0,0.0,0.0,6.0,-3209.738139187618,6557.838945386657,Pub,953.0,11.54535121,1798.0,11.54535121
8,619,3/2/22,3/2/22,1.0,1798,Pub,1766.0,0.0,0.0,4.0,-3209.738139187618,6522.748316725878,Pub,953.0,11.54535121,1798.0,11.54535121
9,619,3/2/22,3/2/22,1.0,1798,Pub,1795.0,0.0,0.0,6.0,-3267.606054814424,6452.56705940432,Pub,953.0,11.54535121,1798.0,11.54535121
10,619,3/2/22,3/2/22,3.0,1344,Pub,1331.0,0.0,0.0,2.0,-129.40600692752216,3983.3015893368247,Pub,585.0,10.41529315,1344.0,31.24587945
11,619,3/2/22,3/2/22,2.0,1799,Pub,,,,,,,,,,,
12,619,3/2/22,3/2/22,3.0,1344,Pub,1331.0,0.0,0.0,2.0,-129.40600692752216,3983.3015893368247,Pub,585.0,10.41529315,1344.0,31.24587945
13,619,3/2/22,3/2/22,2.0,1799,Pub,,,,,,,,,,,
14,619,3/3/22,3/3/22,3.0,1344,Pub,1331.0,0.0,0.0,2.0,-129.40600692752216,3983.3015893368247,Pub,585.0,10.41529315,1344.0,31.24587945
15,619,3/3/22,3/3/22,1.0,1799,Pub,,,,,,,,,,,
16,619,3/4/22,3/4/22,2.0,1799,Pub,,,,,,,,,,,
17,619,3/4/22,3/4/22,1.0,1799,Pub,,,,,,,,,,,
18,619,3/4/22,3/5/22,1.0,1798,Pub,1745.0,0.0,0.0,6.0,-3209.738139187618,6557.838945386657,Pub,953.0,11.54535121,1798.0,11.54535121
19,619,3/4/22,3/5/22,1.0,1798,Pub,1766.0,0.0,0.0,4.0,-3209.738139187618,6522.748316725878,Pub,953.0,11.54535121,1798.0,11.54535121
20,619,3/4/22,3/5/22,1.0,1798,Pub,1795.0,0.0,0.0,6.0,-3267.606054814424,6452.56705940432,Pub,953.0,11.54535121,1798.0,11.54535121
21,619,3/6/22,3/6/22,2.0,1798,Pub,1745.0,0.0,0.0,6.0,-3209.738139187618,6557.838945386657,Pub,953.0,11.54535121,1798.0,23.09070242
22,619,3/6/22,3/6/22,2.0,1798,Pub,1766.0,0.0,0.0,4.0,-3209.738139187618,6522.748316725878,Pub,953.0,11.54535121,1798.0,23.09070242
23,619,3/6/22,3/6/22,2.0,1798,Pub,1795.0,0.0,0.0,6.0,-3267.606054814424,6452.56705940432,Pub,953.0,11.54535121,1798.0,23.09070242
24,619,3/6/22,3/6/22,3.0,1798,Pub,1745.0,0.0,0.0,6.0,-3209.738139187618,6557.838945386657,Pub,953.0,11.54535121,1798.0,34.63605363
25,619,3/6/22,3/6/22,3.0,1798,Pub,1766.0,0.0,0.0,4.0,-3209.738139187618,6522.748316725878,Pub,953.0,11.54535121,1798.0,34.63605363
26,619,3/6/22,3/6/22,3.0,1798,Pub,1795.0,0.0,0.0,6.0,-3267.606054814424,6452.56705940432,Pub,953.0,11.54535121,1798.0,34.63605363
27,619,3/12/22,3/12/22,1.0,1798,Pub,1745.0,0.0,0.0,6.0,-3209.738139187618,6557.838945386657,Pub,953.0,11.54535121,1798.0,11.54535121
28,619,3/12/22,3/12/22,1.0,1798,Pub,1766.0,0.0,0.0,4.0,-3209.738139187618,6522.748316725878,Pub,953.0,11.54535121,1798.0,11.54535121
29,619,3/12/22,3/12/22,1.0,1798,Pub,1795.0,0.0,0.0,6.0,-3267.606054814424,6452.56705940432,Pub,953.0,11.54535121,1798.0,11.54535121
30,619,3/12/22,3/12/22,2.0,1798,Pub,1745.0,0.0,0.0,6.0,-3209.738139187618,6557.838945386657,Pub,953.0,11.54535121,1798.0,23.09070242
31,619,3/12/22,3/12/22,2.0,1798,Pub,1766.0,0.0,0.0,4.0,-3209.738139187618,6522.748316725878,Pub,953.0,11.54535121,1798.0,23.09070242
32,619,3/12/22,3/12/22,2.0,1798,Pub,1795.0,0.0,0.0,6.0,-3267.606054814424,6452.56705940432,Pub,953.0,11.54535121,1798.0,23.09070242
33,619,3/12/22,3/13/22,1.0,1342,Pub,1312.0,0.0,0.0,1.0,-271.3160303970743,4985.574640487972,Pub,429.0,14.14003653,1342.0,14.14003653
34,619,3/13/22,3/13/22,1.0,1342,Pub,1312.0,0.0,0.0,1.0,-271.3160303970743,4985.574640487972,Pub,429.0,14.14003653,1342.0,14.14003653
35,619,3/20/22,3/20/22,1.0,1799,Pub,,,,,,,,,,,
36,619,3/20/22,3/20/22,2.0,1342,Pub,1312.0,0.0,0.0,1.0,-271.3160303970743,4985.574640487972,Pub,429.0,14.14003653,1342.0,28.28007306
37,619,3/20/22,3/21/22,2.0,1798,Pub,1745.0,0.0,0.0,6.0,-3209.738139187618,6557.838945386657,Pub,953.0,11.54535121,1798.0,23.09070242
38,619,3/20/22,3/21/22,2.0,1798,Pub,1766.0,0.0,0.0,4.0,-3209.738139187618,6522.748316725878,Pub,953.0,11.54535121,1798.0,23.09070242
39,619,3/20/22,3/21/22,2.0,1798,Pub,1795.0,0.0,0.0,6.0,-3267.606054814424,6452.56705940432,Pub,953.0,11.54535121,1798.0,23.09070242
40,619,3/30/22,3/30/22,0.0,1800,Pub,1738.0,0.0,0.0,2.0,-3796.1198513891923,6367.922072582076,Pub,627.0,10.20684548,1800.0,0.0
41,619,3/30/22,3/30/22,0.0,1800,Pub,1768.0,0.0,0.0,5.0,-3837.722151176433,6367.922072582076,Pub,627.0,10.20684548,1800.0,0.0
42,619,3/30/22,3/30/22,0.0,1800,Pub,1770.0,0.0,0.0,5.0,-3796.1198513891923,6330.793189700022,Pub,627.0,10.20684548,1800.0,0.0
43,619,3/30/22,3/30/22,2.0,1798,Pub,1745.0,0.0,0.0,6.0,-3209.738139187618,6557.838945386657,Pub,953.0,11.54535121,1798.0,23.09070242
44,619,3/30/22,3/30/22,2.0,1798,Pub,1766.0,0.0,0.0,4.0,-3209.738139187618,6522.748316725878,Pub,953.0,11.54535121,1798.0,23.09070242
45,619,3/30/22,3/30/22,2.0,1798,Pub,1795.0,0.0,0.0,6.0,-3267.606054814424,6452.56705940432,Pub,953.0,11.54535121,1798.0,23.09070242
46,619,3/30/22,3/30/22,2.0,1798,Pub,1745.0,0.0,0.0,6.0,-3209.738139187618,6557.838945386657,Pub,953.0,11.54535121,1798.0,23.09070242
47,619,3/30/22,3/30/22,2.0,1798,Pub,1766.0,0.0,0.0,4.0,-3209.738139187618,6522.748316725878,Pub,953.0,11.54535121,1798.0,23.09070242
48,619,3/30/22,3/30/22,2.0,1798,Pub,1795.0,0.0,0.0,6.0,-3267.606054814424,6452.56705940432,Pub,953.0,11.54535121,1798.0,23.09070242
49,619,3/30/22,3/30/22,2.0,1798,Pub,1745.0,0.0,0.0,6.0,-3209.738139187618,6557.838945386657,Pub,953.0,11.54535121,1798.0,23.09070242
50,619,3/30/22,3/30/22,2.0,1798,Pub,1766.0,0.0,0.0,4.0,-3209.738139187618,6522.748316725878,Pub,953.0,11.54535121,1798.0,23.09070242
51,619,3/30/22,3/30/22,2.0,1798,Pub,1795.0,0.0,0.0,6.0,-3267.606054814424,6452.56705940432,Pub,953.0,11.54535121,1798.0,23.09070242
52,619,4/7/22,4/7/22,3.0,1344,Pub,1331.0,0.0,0.0,2.0,-129.40600692752216,3983.3015893368247,Pub,585.0,10.41529315,1344.0,31.24587945
53,619,4/7/22,4/8/22,3.0,1344,Pub,1331.0,0.0,0.0,2.0,-129.40600692752216,3983.3015893368247,Pub,585.0,10.41529315,1344.0,31.24587945
54,619,4/9/22,4/9/22,1.0,1799,Pub,,,,,,,,,,,
55,619,4/9/22,4/9/22,1.0,1798,Pub,1745.0,0.0,0.0,6.0,-3209.738139187618,6557.838945386657,Pub,953.0,11.54535121,1798.0,11.54535121
56,619,4/9/22,4/9/22,1.0,1798,Pub,1766.0,0.0,0.0,4.0,-3209.738139187618,6522.748316725878,Pub,953.0,11.54535121,1798.0,11.54535121
57,619,4/9/22,4/9/22,1.0,1798,Pub,1795.0,0.0,0.0,6.0,-3267.606054814424,6452.56705940432,Pub,953.0,11.54535121,1798.0,11.54535121
58,619,4/9/22,4/9/22,1.0,1798,Pub,1745.0,0.0,0.0,6.0,-3209.738139187618,6557.838945386657,Pub,953.0,11.54535121,1798.0,11.54535121
59,619,4/9/22,4/9/22,1.0,1798,Pub,1766.0,0.0,0.0,4.0,-3209.738139187618,6522.748316725878,Pub,953.0,11.54535121,1798.0,11.54535121
60,619,4/9/22,4/9/22,1.0,1798,Pub,1795.0,0.0,0.0,6.0,-3267.606054814424,6452.56705940432,Pub,953.0,11.54535121,1798.0,11.54535121
61,619,4/9/22,4/10/22,1.0,1798,Pub,1745.0,0.0,0.0,6.0,-3209.738139187618,6557.838945386657,Pub,953.0,11.54535121,1798.0,11.54535121
62,619,4/9/22,4/10/22,1.0,1798,Pub,1766.0,0.0,0.0,4.0,-3209.738139187618,6522.748316725878,Pub,953.0,11.54535121,1798.0,11.54535121
63,619,4/9/22,4/10/22,1.0,1798,Pub,1795.0,0.0,0.0,6.0,-3267.606054814424,6452.56705940432,Pub,953.0,11.54535121,1798.0,11.54535121
64,619,4/17/22,4/17/22,1.0,1800,Pub,1738.0,0.0,0.0,2.0,-3796.1198513891923,6367.922072582076,Pub,627.0,10.20684548,1800.0,10.20684548
65,619,4/17/22,4/17/22,1.0,1800,Pub,1768.0,0.0,0.0,5.0,-3837.722151176433,6367.922072582076,Pub,627.0,10.20684548,1800.0,10.20684548
66,619,4/17/22,4/17/22,1.0,1800,Pub,1770.0,0.0,0.0,5.0,-3796.1198513891923,6330.793189700022,Pub,627.0,10.20684548,1800.0,10.20684548
67,619,4/17/22,4/17/22,2.0,1798,Pub,1745.0,0.0,0.0,6.0,-3209.738139187618,6557.838945386657,Pub,953.0,11.54535121,1798.0,23.09070242
68,619,4/17/22,4/17/22,2.0,1798,Pub,1766.0,0.0,0.0,4.0,-3209.738139187618,6522.748316725878,Pub,953.0,11.54535121,1798.0,23.09070242
69,619,4/17/22,4/17/22,2.0,1798,Pub,1795.0,0.0,0.0,6.0,-3267.606054814424,6452.56705940432,Pub,953.0,11.54535121,1798.0,23.09070242
70,619,4/17/22,4/17/22,1.0,1798,Pub,1745.0,0.0,0.0,6.0,-3209.738139187618,6557.838945386657,Pub,953.0,11.54535121,1798.0,11.54535121
71,619,4/17/22,4/17/22,1.0,1798,Pub,1766.0,0.0,0.0,4.0,-3209.738139187618,6522.748316725878,Pub,953.0,11.54535121,1798.0,11.54535121
72,619,4/17/22,4/17/22,1.0,1798,Pub,1795.0,0.0,0.0,6.0,-3267.606054814424,6452.56705940432,Pub,953.0,11.54535121,1798.0,11.54535121
73,619,4/17/22,4/18/22,1.0,1800,Pub,1738.0,0.0,0.0,2.0,-3796.1198513891923,6367.922072582076,Pub,627.0,10.20684548,1800.0,10.20684548
74,619,4/17/22,4/18/22,1.0,1800,Pub,1768.0,0.0,0.0,5.0,-3837.722151176433,6367.922072582076,Pub,627.0,10.20684548,1800.0,10.20684548
75,619,4/17/22,4/18/22,1.0,1800,Pub,1770.0,0.0,0.0,5.0,-3796.1198513891923,6330.793189700022,Pub,627.0,10.20684548,1800.0,10.20684548
76,619,4/25/22,4/25/22,1.0,1798,Pub,1745.0,0.0,0.0,6.0,-3209.738139187618,6557.838945386657,Pub,953.0,11.54535121,1798.0,11.54535121
77,619,4/25/22,4/25/22,1.0,1798,Pub,1766.0,0.0,0.0,4.0,-3209.738139187618,6522.748316725878,Pub,953.0,11.54535121,1798.0,11.54535121
78,619,4/25/22,4/25/22,1.0,1798,Pub,1795.0,0.0,0.0,6.0,-3267.606054814424,6452.56705940432,Pub,953.0,11.54535121,1798.0,11.54535121
79,619,4/25/22,4/25/22,2.0,1799,Pub,,,,,,,,,,,
80,619,4/25/22,4/26/22,2.0,1798,Pub,1745.0,0.0,0.0,6.0,-3209.738139187618,6557.838945386657,Pub,953.0,11.54535121,1798.0,23.09070242
81,619,4/25/22,4/26/22,2.0,1798,Pub,1766.0,0.0,0.0,4.0,-3209.738139187618,6522.748316725878,Pub,953.0,11.54535121,1798.0,23.09070242
82,619,4/25/22,4/26/22,2.0,1798,Pub,1795.0,0.0,0.0,6.0,-3267.606054814424,6452.56705940432,Pub,953.0,11.54535121,1798.0,23.09070242
83,619,5/8/22,5/8/22,2.0,1799,Pub,,,,,,,,,,,
84,619,5/8/22,5/8/22,2.0,1798,Pub,1745.0,0.0,0.0,6.0,-3209.738139187618,6557.838945386657,Pub,953.0,11.54535121,1798.0,23.09070242
85,619,5/8/22,5/8/22,2.0,1798,Pub,1766.0,0.0,0.0,4.0,-3209.738139187618,6522.748316725878,Pub,953.0,11.54535121,1798.0,23.09070242
86,619,5/8/22,5/8/22,2.0,1798,Pub,1795.0,0.0,0.0,6.0,-3267.606054814424,6452.56705940432,Pub,953.0,11.54535121,1798.0,23.09070242
87,619,5/8/22,5/9/22,2.0,1798,Pub,1745.0,0.0,0.0,6.0,-3209.738139187618,6557.838945386657,Pub,953.0,11.54535121,1798.0,23.09070242
88,619,5/8/22,5/9/22,2.0,1798,Pub,1766.0,0.0,0.0,4.0,-3209.738139187618,6522.748316725878,Pub,953.0,11.54535121,1798.0,23.09070242
89,619,5/8/22,5/9/22,2.0,1798,Pub,1795.0,0.0,0.0,6.0,-3267.606054814424,6452.56705940432,Pub,953.0,11.54535121,1798.0,23.09070242
90,619,5/20/22,5/20/22,2.0,1799,Pub,,,,,,,,,,,
91,619,5/20/22,5/20/22,2.0,1798,Pub,1745.0,0.0,0.0,6.0,-3209.738139187618,6557.838945386657,Pub,953.0,11.54535121,1798.0,23.09070242
92,619,5/20/22,5/20/22,2.0,1798,Pub,1766.0,0.0,0.0,4.0,-3209.738139187618,6522.748316725878,Pub,953.0,11.54535121,1798.0,23.09070242
93,619,5/20/22,5/20/22,2.0,1798,Pub,1795.0,0.0,0.0,6.0,-3267.606054814424,6452.56705940432,Pub,953.0,11.54535121,1798.0,23.09070242
94,619,5/20/22,5/21/22,2.0,1798,Pub,1745.0,0.0,0.0,6.0,-3209.738139187618,6557.838945386657,Pub,953.0,11.54535121,1798.0,23.09070242
95,619,5/20/22,5/21/22,2.0,1798,Pub,1766.0,0.0,0.0,4.0,-3209.738139187618,6522.748316725878,Pub,953.0,11.54535121,1798.0,23.09070242
96,619,5/20/22,5/21/22,2.0,1798,Pub,1795.0,0.0,0.0,6.0,-3267.606054814424,6452.56705940432,Pub,953.0,11.54535121,1798.0,23.09070242
97,619,6/2/22,6/2/22,1.0,1799,Pub,,,,,,,,,,,
98,619,6/2/22,6/2/22,1.0,1798,Pub,1745.0,0.0,0.0,6.0,-3209.738139187618,6557.838945386657,Pub,953.0,11.54535121,1798.0,11.54535121
99,619,6/2/22,6/2/22,1.0,1798,Pub,1766.0,0.0,0.0,4.0,-3209.738139187618,6522.748316725878,Pub,953.0,11.54535121,1798.0,11.54535121
100,619,6/2/22,6/2/22,1.0,1798,Pub,1795.0,0.0,0.0,6.0,-3267.606054814424,6452.56705940432,Pub,953.0,11.54535121,1798.0,11.54535121
101,619,6/2/22,6/2/22,1.0,1799,Pub,,,,,,,,,,,
102,619,6/2/22,6/3/22,1.0,1798,Pub,1745.0,0.0,0.0,6.0,-3209.738139187618,6557.838945386657,Pub,953.0,11.54535121,1798.0,11.54535121
103,619,6/2/22,6/3/22,1.0,1798,Pub,1766.0,0.0,0.0,4.0,-3209.738139187618,6522.748316725878,Pub,953.0,11.54535121,1798.0,11.54535121
104,619,6/2/22,6/3/22,1.0,1798,Pub,1795.0,0.0,0.0,6.0,-3267.606054814424,6452.56705940432,Pub,953.0,11.54535121,1798.0,11.54535121
105,619,6/4/22,6/4/22,3.0,1344,Pub,1331.0,0.0,0.0,2.0,-129.40600692752216,3983.3015893368247,Pub,585.0,10.41529315,1344.0,31.24587945
106,619,6/4/22,6/5/22,1.0,1342,Pub,1312.0,0.0,0.0,1.0,-271.3160303970743,4985.574640487972,Pub,429.0,14.14003653,1342.0,14.14003653
107,619,6/5/22,6/5/22,1.0,1342,Pub,1312.0,0.0,0.0,1.0,-271.3160303970743,4985.574640487972,Pub,429.0,14.14003653,1342.0,14.14003653
108,619,6/6/22,6/6/22,3.0,1342,Pub,1312.0,0.0,0.0,1.0,-271.3160303970743,4985.574640487972,Pub,429.0,14.14003653,1342.0,42.420109589999996
109,619,6/6/22,6/7/22,1.0,1798,Pub,1745.0,0.0,0.0,6.0,-3209.738139187618,6557.838945386657,Pub,953.0,11.54535121,1798.0,11.54535121
110,619,6/6/22,6/7/22,1.0,1798,Pub,1766.0,0.0,0.0,4.0,-3209.738139187618,6522.748316725878,Pub,953.0,11.54535121,1798.0,11.54535121
111,619,6/6/22,6/7/22,1.0,1798,Pub,1795.0,0.0,0.0,6.0,-3267.606054814424,6452.56705940432,Pub,953.0,11.54535121,1798.0,11.54535121
112,619,6/14/22,6/14/22,1.0,1798,Pub,1745.0,0.0,0.0,6.0,-3209.738139187618,6557.838945386657,Pub,953.0,11.54535121,1798.0,11.54535121
113,619,6/14/22,6/14/22,1.0,1798,Pub,1766.0,0.0,0.0,4.0,-3209.738139187618,6522.748316725878,Pub,953.0,11.54535121,1798.0,11.54535121
114,619,6/14/22,6/14/22,1.0,1798,Pub,1795.0,0.0,0.0,6.0,-3267.606054814424,6452.56705940432,Pub,953.0,11.54535121,1798.0,11.54535121
115,619,6/15/22,6/15/22,0.0,1800,Pub,1738.0,0.0,0.0,2.0,-3796.1198513891923,6367.922072582076,Pub,627.0,10.20684548,1800.0,0.0
116,619,6/15/22,6/15/22,0.0,1800,Pub,1768.0,0.0,0.0,5.0,-3837.722151176433,6367.922072582076,Pub,627.0,10.20684548,1800.0,0.0
117,619,6/15/22,6/15/22,0.0,1800,Pub,1770.0,0.0,0.0,5.0,-3796.1198513891923,6330.793189700022,Pub,627.0,10.20684548,1800.0,0.0
118,619,6/15/22,6/15/22,1.0,1798,Pub,1745.0,0.0,0.0,6.0,-3209.738139187618,6557.838945386657,Pub,953.0,11.54535121,1798.0,11.54535121
119,619,6/15/22,6/15/22,1.0,1798,Pub,1766.0,0.0,0.0,4.0,-3209.738139187618,6522.748316725878,Pub,953.0,11.54535121,1798.0,11.54535121
120,619,6/15/22,6/15/22,1.0,1798,Pub,1795.0,0.0,0.0,6.0,-3267.606054814424,6452.56705940432,Pub,953.0,11.54535121,1798.0,11.54535121
121,619,6/15/22,6/15/22,2.0,1798,Pub,1745.0,0.0,0.0,6.0,-3209.738139187618,6557.838945386657,Pub,953.0,11.54535121,1798.0,23.09070242
122,619,6/15/22,6/15/22,2.0,1798,Pub,1766.0,0.0,0.0,4.0,-3209.738139187618,6522.748316725878,Pub,953.0,11.54535121,1798.0,23.09070242
123,619,6/15/22,6/15/22,2.0,1798,Pub,1795.0,0.0,0.0,6.0,-3267.606054814424,6452.56705940432,Pub,953.0,11.54535121,1798.0,23.09070242
124,619,6/15/22,6/15/22,1.0,1798,Pub,1745.0,0.0,0.0,6.0,-3209.738139187618,6557.838945386657,Pub,953.0,11.54535121,1798.0,11.54535121
125,619,6/15/22,6/15/22,1.0,1798,Pub,1766.0,0.0,0.0,4.0,-3209.738139187618,6522.748316725878,Pub,953.0,11.54535121,1798.0,11.54535121
126,619,6/15/22,6/15/22,1.0,1798,Pub,1795.0,0.0,0.0,6.0,-3267.606054814424,6452.56705940432,Pub,953.0,11.54535121,1798.0,11.54535121
127,619,6/16/22,6/16/22,2.0,1799,Pub,,,,,,,,,,,
128,619,6/16/22,6/16/22,2.0,1800,Pub,1738.0,0.0,0.0,2.0,-3796.1198513891923,6367.922072582076,Pub,627.0,10.20684548,1800.0,20.41369096
129,619,6/16/22,6/16/22,2.0,1800,Pub,1768.0,0.0,0.0,5.0,-3837.722151176433,6367.922072582076,Pub,627.0,10.20684548,1800.0,20.41369096
130,619,6/16/22,6/16/22,2.0,1800,Pub,1770.0,0.0,0.0,5.0,-3796.1198513891923,6330.793189700022,Pub,627.0,10.20684548,1800.0,20.41369096
131,619,6/16/22,6/16/22,1.0,1798,Pub,1745.0,0.0,0.0,6.0,-3209.738139187618,6557.838945386657,Pub,953.0,11.54535121,1798.0,11.54535121
132,619,6/16/22,6/16/22,1.0,1798,Pub,1766.0,0.0,0.0,4.0,-3209.738139187618,6522.748316725878,Pub,953.0,11.54535121,1798.0,11.54535121
133,619,6/16/22,6/16/22,1.0,1798,Pub,1795.0,0.0,0.0,6.0,-3267.606054814424,6452.56705940432,Pub,953.0,11.54535121,1798.0,11.54535121
134,619,6/17/22,6/17/22,1.0,1798,Pub,1745.0,0.0,0.0,6.0,-3209.738139187618,6557.838945386657,Pub,953.0,11.54535121,1798.0,11.54535121
135,619,6/17/22,6/17/22,1.0,1798,Pub,1766.0,0.0,0.0,4.0,-3209.738139187618,6522.748316725878,Pub,953.0,11.54535121,1798.0,11.54535121
136,619,6/17/22,6/17/22,1.0,1798,Pub,1795.0,0.0,0.0,6.0,-3267.606054814424,6452.56705940432,Pub,953.0,11.54535121,1798.0,11.54535121
137,619,6/18/22,6/18/22,1.0,1799,Pub,,,,,,,,,,,
138,619,6/18/22,6/18/22,2.0,1799,Pub,,,,,,,,,,,
139,619,6/18/22,6/19/22,1.0,1798,Pub,1745.0,0.0,0.0,6.0,-3209.738139187618,6557.838945386657,Pub,953.0,11.54535121,1798.0,11.54535121
140,619,6/18/22,6/19/22,1.0,1798,Pub,1766.0,0.0,0.0,4.0,-3209.738139187618,6522.748316725878,Pub,953.0,11.54535121,1798.0,11.54535121
141,619,6/18/22,6/19/22,1.0,1798,Pub,1795.0,0.0,0.0,6.0,-3267.606054814424,6452.56705940432,Pub,953.0,11.54535121,1798.0,11.54535121
142,619,6/28/22,6/28/22,1.0,1799,Pub,,,,,,,,,,,
143,619,6/28/22,6/28/22,2.0,1798,Pub,1745.0,0.0,0.0,6.0,-3209.738139187618,6557.838945386657,Pub,953.0,11.54535121,1798.0,23.09070242
144,619,6/28/22,6/28/22,2.0,1798,Pub,1766.0,0.0,0.0,4.0,-3209.738139187618,6522.748316725878,Pub,953.0,11.54535121,1798.0,23.09070242
145,619,6/28/22,6/28/22,2.0,1798,Pub,1795.0,0.0,0.0,6.0,-3267.606054814424,6452.56705940432,Pub,953.0,11.54535121,1798.0,23.09070242
146,619,6/28/22,6/28/22,2.0,1799,Pub,,,,,,,,,,,
147,619,6/28/22,6/28/22,2.0,1798,Pub,1745.0,0.0,0.0,6.0,-3209.738139187618,6557.838945386657,Pub,953.0,11.54535121,1798.0,23.09070242
148,619,6/28/22,6/28/22,2.0,1798,Pub,1766.0,0.0,0.0,4.0,-3209.738139187618,6522.748316725878,Pub,953.0,11.54535121,1798.0,23.09070242
149,619,6/28/22,6/28/22,2.0,1798,Pub,1795.0,0.0,0.0,6.0,-3267.606054814424,6452.56705940432,Pub,953.0,11.54535121,1798.0,23.09070242
150,619,7/6/22,7/6/22,0.0,1798,Pub,1745.0,0.0,0.0,6.0,-3209.738139187618,6557.838945386657,Pub,953.0,11.54535121,1798.0,0.0
151,619,7/6/22,7/6/22,0.0,1798,Pub,1766.0,0.0,0.0,4.0,-3209.738139187618,6522.748316725878,Pub,953.0,11.54535121,1798.0,0.0
152,619,7/6/22,7/6/22,0.0,1798,Pub,1795.0,0.0,0.0,6.0,-3267.606054814424,6452.56705940432,Pub,953.0,11.54535121,1798.0,0.0
153,619,7/6/22,7/6/22,2.0,1344,Pub,1331.0,0.0,0.0,2.0,-129.40600692752216,3983.3015893368247,Pub,585.0,10.41529315,1344.0,20.8305863
154,619,7/6/22,7/6/22,1.0,1798,Pub,1745.0,0.0,0.0,6.0,-3209.738139187618,6557.838945386657,Pub,953.0,11.54535121,1798.0,11.54535121
155,619,7/6/22,7/6/22,1.0,1798,Pub,1766.0,0.0,0.0,4.0,-3209.738139187618,6522.748316725878,Pub,953.0,11.54535121,1798.0,11.54535121
156,619,7/6/22,7/6/22,1.0,1798,Pub,1795.0,0.0,0.0,6.0,-3267.606054814424,6452.56705940432,Pub,953.0,11.54535121,1798.0,11.54535121
157,619,7/6/22,7/6/22,1.0,1798,Pub,1745.0,0.0,0.0,6.0,-3209.738139187618,6557.838945386657,Pub,953.0,11.54535121,1798.0,11.54535121
158,619,7/6/22,7/6/22,1.0,1798,Pub,1766.0,0.0,0.0,4.0,-3209.738139187618,6522.748316725878,Pub,953.0,11.54535121,1798.0,11.54535121
159,619,7/6/22,7/6/22,1.0,1798,Pub,1795.0,0.0,0.0,6.0,-3267.606054814424,6452.56705940432,Pub,953.0,11.54535121,1798.0,11.54535121
160,619,7/7/22,7/7/22,2.0,1798,Pub,1745.0,0.0,0.0,6.0,-3209.738139187618,6557.838945386657,Pub,953.0,11.54535121,1798.0,23.09070242
161,619,7/7/22,7/7/22,2.0,1798,Pub,1766.0,0.0,0.0,4.0,-3209.738139187618,6522.748316725878,Pub,953.0,11.54535121,1798.0,23.09070242
162,619,7/7/22,7/7/22,2.0,1798,Pub,1795.0,0.0,0.0,6.0,-3267.606054814424,6452.56705940432,Pub,953.0,11.54535121,1798.0,23.09070242
163,619,7/7/22,7/7/22,1.0,1798,Pub,1745.0,0.0,0.0,6.0,-3209.738139187618,6557.838945386657,Pub,953.0,11.54535121,1798.0,11.54535121
164,619,7/7/22,7/7/22,1.0,1798,Pub,1766.0,0.0,0.0,4.0,-3209.738139187618,6522.748316725878,Pub,953.0,11.54535121,1798.0,11.54535121
165,619,7/7/22,7/7/22,1.0,1798,Pub,1795.0,0.0,0.0,6.0,-3267.606054814424,6452.56705940432,Pub,953.0,11.54535121,1798.0,11.54535121
166,619,7/7/22,7/7/22,2.0,1799,Pub,,,,,,,,,,,
167,619,7/8/22,7/8/22,1.0,1798,Pub,1745.0,0.0,0.0,6.0,-3209.738139187618,6557.838945386657,Pub,953.0,11.54535121,1798.0,11.54535121
168,619,7/8/22,7/8/22,1.0,1798,Pub,1766.0,0.0,0.0,4.0,-3209.738139187618,6522.748316725878,Pub,953.0,11.54535121,1798.0,11.54535121
169,619,7/8/22,7/8/22,1.0,1798,Pub,1795.0,0.0,0.0,6.0,-3267.606054814424,6452.56705940432,Pub,953.0,11.54535121,1798.0,11.54535121
170,619,7/9/22,7/9/22,2.0,1799,Pub,,,,,,,,,,,
171,619,7/9/22,7/9/22,2.0,1799,Pub,,,,,,,,,,,
172,619,7/9/22,7/10/22,2.0,1798,Pub,1745.0,0.0,0.0,6.0,-3209.738139187618,6557.838945386657,Pub,953.0,11.54535121,1798.0,23.09070242
173,619,7/9/22,7/10/22,2.0,1798,Pub,1766.0,0.0,0.0,4.0,-3209.738139187618,6522.748316725878,Pub,953.0,11.54535121,1798.0,23.09070242
174,619,7/9/22,7/10/22,2.0,1798,Pub,1795.0,0.0,0.0,6.0,-3267.606054814424,6452.56705940432,Pub,953.0,11.54535121,1798.0,23.09070242
175,619,7/11/22,7/11/22,2.0,1798,Pub,1745.0,0.0,0.0,6.0,-3209.738139187618,6557.838945386657,Pub,953.0,11.54535121,1798.0,23.09070242
176,619,7/11/22,7/11/22,2.0,1798,Pub,1766.0,0.0,0.0,4.0,-3209.738139187618,6522.748316725878,Pub,953.0,11.54535121,1798.0,23.09070242
177,619,7/11/22,7/11/22,2.0,1798,Pub,1795.0,0.0,0.0,6.0,-3267.606054814424,6452.56705940432,Pub,953.0,11.54535121,1798.0,23.09070242
178,619,7/11/22,7/11/22,2.0,1342,Pub,1312.0,0.0,0.0,1.0,-271.3160303970743,4985.574640487972,Pub,429.0,14.14003653,1342.0,28.28007306
179,619,7/11/22,7/12/22,1.0,1798,Pub,1745.0,0.0,0.0,6.0,-3209.738139187618,6557.838945386657,Pub,953.0,11.54535121,1798.0,11.54535121
180,619,7/11/22,7/12/22,1.0,1798,Pub,1766.0,0.0,0.0,4.0,-3209.738139187618,6522.748316725878,Pub,953.0,11.54535121,1798.0,11.54535121
181,619,7/11/22,7/12/22,1.0,1798,Pub,1795.0,0.0,0.0,6.0,-3267.606054814424,6452.56705940432,Pub,953.0,11.54535121,1798.0,11.54535121
182,619,7/16/22,7/16/22,1.0,1798,Pub,1745.0,0.0,0.0,6.0,-3209.738139187618,6557.838945386657,Pub,953.0,11.54535121,1798.0,11.54535121
183,619,7/16/22,7/16/22,1.0,1798,Pub,1766.0,0.0,0.0,4.0,-3209.738139187618,6522.748316725878,Pub,953.0,11.54535121,1798.0,11.54535121
184,619,7/16/22,7/16/22,1.0,1798,Pub,1795.0,0.0,0.0,6.0,-3267.606054814424,6452.56705940432,Pub,953.0,11.54535121,1798.0,11.54535121
185,619,7/16/22,7/16/22,1.0,1798,Pub,1745.0,0.0,0.0,6.0,-3209.738139187618,6557.838945386657,Pub,953.0,11.54535121,1798.0,11.54535121
186,619,7/16/22,7/16/22,1.0,1798,Pub,1766.0,0.0,0.0,4.0,-3209.738139187618,6522.748316725878,Pub,953.0,11.54535121,1798.0,11.54535121
187,619,7/16/22,7/16/22,1.0,1798,Pub,1795.0,0.0,0.0,6.0,-3267.606054814424,6452.56705940432,Pub,953.0,11.54535121,1798.0,11.54535121
188,619,7/16/22,7/16/22,2.0,1800,Pub,1738.0,0.0,0.0,2.0,-3796.1198513891923,6367.922072582076,Pub,627.0,10.20684548,1800.0,20.41369096
189,619,7/16/22,7/16/22,2.0,1800,Pub,1768.0,0.0,0.0,5.0,-3837.722151176433,6367.922072582076,Pub,627.0,10.20684548,1800.0,20.41369096
190,619,7/16/22,7/16/22,2.0,1800,Pub,1770.0,0.0,0.0,5.0,-3796.1198513891923,6330.793189700022,Pub,627.0,10.20684548,1800.0,20.41369096
191,619,7/17/22,7/17/22,2.0,1342,Pub,1312.0,0.0,0.0,1.0,-271.3160303970743,4985.574640487972,Pub,429.0,14.14003653,1342.0,28.28007306
192,619,7/17/22,7/17/22,2.0,1798,Pub,1745.0,0.0,0.0,6.0,-3209.738139187618,6557.838945386657,Pub,953.0,11.54535121,1798.0,23.09070242
193,619,7/17/22,7/17/22,2.0,1798,Pub,1766.0,0.0,0.0,4.0,-3209.738139187618,6522.748316725878,Pub,953.0,11.54535121,1798.0,23.09070242
194,619,7/17/22,7/17/22,2.0,1798,Pub,1795.0,0.0,0.0,6.0,-3267.606054814424,6452.56705940432,Pub,953.0,11.54535121,1798.0,23.09070242
195,619,7/18/22,7/18/22,1.0,1798,Pub,1745.0,0.0,0.0,6.0,-3209.738139187618,6557.838945386657,Pub,953.0,11.54535121,1798.0,11.54535121
196,619,7/18/22,7/18/22,1.0,1798,Pub,1766.0,0.0,0.0,4.0,-3209.738139187618,6522.748316725878,Pub,953.0,11.54535121,1798.0,11.54535121
197,619,7/18/22,7/18/22,1.0,1798,Pub,1795.0,0.0,0.0,6.0,-3267.606054814424,6452.56705940432,Pub,953.0,11.54535121,1798.0,11.54535121
198,619,7/19/22,7/19/22,1.0,1798,Pub,1745.0,0.0,0.0,6.0,-3209.738139187618,6557.838945386657,Pub,953.0,11.54535121,1798.0,11.54535121
199,619,7/19/22,7/19/22,1.0,1798,Pub,1766.0,0.0,0.0,4.0,-3209.738139187618,6522.748316725878,Pub,953.0,11.54535121,1798.0,11.54535121
200,619,7/19/22,7/19/22,1.0,1798,Pub,1795.0,0.0,0.0,6.0,-3267.606054814424,6452.56705940432,Pub,953.0,11.54535121,1798.0,11.54535121
201,619,7/19/22,7/19/22,2.0,1798,Pub,1745.0,0.0,0.0,6.0,-3209.738139187618,6557.838945386657,Pub,953.0,11.54535121,1798.0,23.09070242
202,619,7/19/22,7/19/22,2.0,1798,Pub,1766.0,0.0,0.0,4.0,-3209.738139187618,6522.748316725878,Pub,953.0,11.54535121,1798.0,23.09070242
203,619,7/19/22,7/19/22,2.0,1798,Pub,1795.0,0.0,0.0,6.0,-3267.606054814424,6452.56705940432,Pub,953.0,11.54535121,1798.0,23.09070242
204,619,7/19/22,7/19/22,2.0,1798,Pub,1745.0,0.0,0.0,6.0,-3209.738139187618,6557.838945386657,Pub,953.0,11.54535121,1798.0,23.09070242
205,619,7/19/22,7/19/22,2.0,1798,Pub,1766.0,0.0,0.0,4.0,-3209.738139187618,6522.748316725878,Pub,953.0,11.54535121,1798.0,23.09070242
206,619,7/19/22,7/19/22,2.0,1798,Pub,1795.0,0.0,0.0,6.0,-3267.606054814424,6452.56705940432,Pub,953.0,11.54535121,1798.0,23.09070242
207,619,7/19/22,7/19/22,2.0,1799,Pub,,,,,,,,,,,
208,619,7/20/22,7/20/22,1.0,1799,Pub,,,,,,,,,,,
209,619,7/20/22,7/20/22,2.0,1799,Pub,,,,,,,,,,,
210,619,7/20/22,7/20/22,2.0,1799,Pub,,,,,,,,,,,
211,619,7/20/22,7/20/22,1.0,1799,Pub,,,,,,,,,,,
212,619,7/20/22,7/20/22,2.0,1798,Pub,1745.0,0.0,0.0,6.0,-3209.738139187618,6557.838945386657,Pub,953.0,11.54535121,1798.0,23.09070242
213,619,7/20/22,7/20/22,2.0,1798,Pub,1766.0,0.0,0.0,4.0,-3209.738139187618,6522.748316725878,Pub,953.0,11.54535121,1798.0,23.09070242
214,619,7/20/22,7/20/22,2.0,1798,Pub,1795.0,0.0,0.0,6.0,-3267.606054814424,6452.56705940432,Pub,953.0,11.54535121,1798.0,23.09070242
215,619,7/20/22,7/20/22,2.0,1798,Pub,1745.0,0.0,0.0,6.0,-3209.738139187618,6557.838945386657,Pub,953.0,11.54535121,1798.0,23.09070242
216,619,7/20/22,7/20/22,2.0,1798,Pub,1766.0,0.0,0.0,4.0,-3209.738139187618,6522.748316725878,Pub,953.0,11.54535121,1798.0,23.09070242
217,619,7/20/22,7/20/22,2.0,1798,Pub,1795.0,0.0,0.0,6.0,-3267.606054814424,6452.56705940432,Pub,953.0,11.54535121,1798.0,23.09070242
218,619,7/20/22,7/21/22,1.0,1342,Pub,1312.0,0.0,0.0,1.0,-271.3160303970743,4985.574640487972,Pub,429.0,14.14003653,1342.0,14.14003653
219,619,7/21/22,7/21/22,1.0,1342,Pub,1312.0,0.0,0.0,1.0,-271.3160303970743,4985.574640487972,Pub,429.0,14.14003653,1342.0,14.14003653
220,619,7/22/22,7/22/22,2.0,1798,Pub,1745.0,0.0,0.0,6.0,-3209.738139187618,6557.838945386657,Pub,953.0,11.54535121,1798.0,23.09070242
221,619,7/22/22,7/22/22,2.0,1798,Pub,1766.0,0.0,0.0,4.0,-3209.738139187618,6522.748316725878,Pub,953.0,11.54535121,1798.0,23.09070242
222,619,7/22/22,7/22/22,2.0,1798,Pub,1795.0,0.0,0.0,6.0,-3267.606054814424,6452.56705940432,Pub,953.0,11.54535121,1798.0,23.09070242
223,619,7/22/22,7/22/22,2.0,1799,Pub,,,,,,,,,,,
224,619,7/22/22,7/23/22,2.0,1798,Pub,1745.0,0.0,0.0,6.0,-3209.738139187618,6557.838945386657,Pub,953.0,11.54535121,1798.0,23.09070242
225,619,7/22/22,7/23/22,2.0,1798,Pub,1766.0,0.0,0.0,4.0,-3209.738139187618,6522.748316725878,Pub,953.0,11.54535121,1798.0,23.09070242
226,619,7/22/22,7/23/22,2.0,1798,Pub,1795.0,0.0,0.0,6.0,-3267.606054814424,6452.56705940432,Pub,953.0,11.54535121,1798.0,23.09070242
227,619,7/29/22,7/29/22,1.0,1798,Pub,1745.0,0.0,0.0,6.0,-3209.738139187618,6557.838945386657,Pub,953.0,11.54535121,1798.0,11.54535121
228,619,7/29/22,7/29/22,1.0,1798,Pub,1766.0,0.0,0.0,4.0,-3209.738139187618,6522.748316725878,Pub,953.0,11.54535121,1798.0,11.54535121
229,619,7/29/22,7/29/22,1.0,1798,Pub,1795.0,0.0,0.0,6.0,-3267.606054814424,6452.56705940432,Pub,953.0,11.54535121,1798.0,11.54535121
230,619,7/29/22,7/29/22,2.0,1798,Pub,1745.0,0.0,0.0,6.0,-3209.738139187618,6557.838945386657,Pub,953.0,11.54535121,1798.0,23.09070242
231,619,7/29/22,7/29/22,2.0,1798,Pub,1766.0,0.0,0.0,4.0,-3209.738139187618,6522.748316725878,Pub,953.0,11.54535121,1798.0,23.09070242
232,619,7/29/22,7/29/22,2.0,1798,Pub,1795.0,0.0,0.0,6.0,-3267.606054814424,6452.56705940432,Pub,953.0,11.54535121,1798.0,23.09070242
233,619,7/29/22,7/30/22,2.0,1798,Pub,1745.0,0.0,0.0,6.0,-3209.738139187618,6557.838945386657,Pub,953.0,11.54535121,1798.0,23.09070242
234,619,7/29/22,7/30/22,2.0,1798,Pub,1766.0,0.0,0.0,4.0,-3209.738139187618,6522.748316725878,Pub,953.0,11.54535121,1798.0,23.09070242
235,619,7/29/22,7/30/22,2.0,1798,Pub,1795.0,0.0,0.0,6.0,-3267.606054814424,6452.56705940432,Pub,953.0,11.54535121,1798.0,23.09070242
236,619,8/6/22,8/6/22,1.0,1798,Pub,1745.0,0.0,0.0,6.0,-3209.738139187618,6557.838945386657,Pub,953.0,11.54535121,1798.0,11.54535121
237,619,8/6/22,8/6/22,1.0,1798,Pub,1766.0,0.0,0.0,4.0,-3209.738139187618,6522.748316725878,Pub,953.0,11.54535121,1798.0,11.54535121
238,619,8/6/22,8/6/22,1.0,1798,Pub,1795.0,0.0,0.0,6.0,-3267.606054814424,6452.56705940432,Pub,953.0,11.54535121,1798.0,11.54535121
239,619,8/6/22,8/6/22,1.0,1798,Pub,1745.0,0.0,0.0,6.0,-3209.738139187618,6557.838945386657,Pub,953.0,11.54535121,1798.0,11.54535121
240,619,8/6/22,8/6/22,1.0,1798,Pub,1766.0,0.0,0.0,4.0,-3209.738139187618,6522.748316725878,Pub,953.0,11.54535121,1798.0,11.54535121
241,619,8/6/22,8/6/22,1.0,1798,Pub,1795.0,0.0,0.0,6.0,-3267.606054814424,6452.56705940432,Pub,953.0,11.54535121,1798.0,11.54535121
242,619,8/6/22,8/6/22,1.0,1798,Pub,1745.0,0.0,0.0,6.0,-3209.738139187618,6557.838945386657,Pub,953.0,11.54535121,1798.0,11.54535121
243,619,8/6/22,8/6/22,1.0,1798,Pub,1766.0,0.0,0.0,4.0,-3209.738139187618,6522.748316725878,Pub,953.0,11.54535121,1798.0,11.54535121
244,619,8/6/22,8/6/22,1.0,1798,Pub,1795.0,0.0,0.0,6.0,-3267.606054814424,6452.56705940432,Pub,953.0,11.54535121,1798.0,11.54535121
245,619,8/7/22,8/7/22,1.0,1798,Pub,1745.0,0.0,0.0,6.0,-3209.738139187618,6557.838945386657,Pub,953.0,11.54535121,1798.0,11.54535121
246,619,8/7/22,8/7/22,1.0,1798,Pub,1766.0,0.0,0.0,4.0,-3209.738139187618,6522.748316725878,Pub,953.0,11.54535121,1798.0,11.54535121
247,619,8/7/22,8/7/22,1.0,1798,Pub,1795.0,0.0,0.0,6.0,-3267.606054814424,6452.56705940432,Pub,953.0,11.54535121,1798.0,11.54535121
248,619,8/18/22,8/18/22,2.0,1798,Pub,1745.0,0.0,0.0,6.0,-3209.738139187618,6557.838945386657,Pub,953.0,11.54535121,1798.0,23.09070242
249,619,8/18/22,8/18/22,2.0,1798,Pub,1766.0,0.0,0.0,4.0,-3209.738139187618,6522.748316725878,Pub,953.0,11.54535121,1798.0,23.09070242
250,619,8/18/22,8/18/22,2.0,1798,Pub,1795.0,0.0,0.0,6.0,-3267.606054814424,6452.56705940432,Pub,953.0,11.54535121,1798.0,23.09070242
251,619,8/18/22,8/18/22,2.0,1798,Pub,1745.0,0.0,0.0,6.0,-3209.738139187618,6557.838945386657,Pub,953.0,11.54535121,1798.0,23.09070242
252,619,8/18/22,8/18/22,2.0,1798,Pub,1766.0,0.0,0.0,4.0,-3209.738139187618,6522.748316725878,Pub,953.0,11.54535121,1798.0,23.09070242
253,619,8/18/22,8/18/22,2.0,1798,Pub,1795.0,0.0,0.0,6.0,-3267.606054814424,6452.56705940432,Pub,953.0,11.54535121,1798.0,23.09070242
254,619,8/18/22,8/19/22,2.0,1798,Pub,1745.0,0.0,0.0,6.0,-3209.738139187618,6557.838945386657,Pub,953.0,11.54535121,1798.0,23.09070242
255,619,8/18/22,8/19/22,2.0,1798,Pub,1766.0,0.0,0.0,4.0,-3209.738139187618,6522.748316725878,Pub,953.0,11.54535121,1798.0,23.09070242
256,619,8/18/22,8/19/22,2.0,1798,Pub,1795.0,0.0,0.0,6.0,-3267.606054814424,6452.56705940432,Pub,953.0,11.54535121,1798.0,23.09070242
257,619,8/30/22,8/30/22,1.0,1344,Pub,1331.0,0.0,0.0,2.0,-129.40600692752216,3983.3015893368247,Pub,585.0,10.41529315,1344.0,10.41529315
258,619,8/30/22,8/30/22,1.0,1800,Pub,1738.0,0.0,0.0,2.0,-3796.1198513891923,6367.922072582076,Pub,627.0,10.20684548,1800.0,10.20684548
259,619,8/30/22,8/30/22,1.0,1800,Pub,1768.0,0.0,0.0,5.0,-3837.722151176433,6367.922072582076,Pub,627.0,10.20684548,1800.0,10.20684548
260,619,8/30/22,8/30/22,1.0,1800,Pub,1770.0,0.0,0.0,5.0,-3796.1198513891923,6330.793189700022,Pub,627.0,10.20684548,1800.0,10.20684548
261,619,8/30/22,8/30/22,2.0,1800,Pub,1738.0,0.0,0.0,2.0,-3796.1198513891923,6367.922072582076,Pub,627.0,10.20684548,1800.0,20.41369096
262,619,8/30/22,8/30/22,2.0,1800,Pub,1768.0,0.0,0.0,5.0,-3837.722151176433,6367.922072582076,Pub,627.0,10.20684548,1800.0,20.41369096
263,619,8/30/22,8/30/22,2.0,1800,Pub,1770.0,0.0,0.0,5.0,-3796.1198513891923,6330.793189700022,Pub,627.0,10.20684548,1800.0,20.41369096
264,619,8/30/22,8/30/22,1.0,1798,Pub,1745.0,0.0,0.0,6.0,-3209.738139187618,6557.838945386657,Pub,953.0,11.54535121,1798.0,11.54535121
265,619,8/30/22,8/30/22,1.0,1798,Pub,1766.0,0.0,0.0,4.0,-3209.738139187618,6522.748316725878,Pub,953.0,11.54535121,1798.0,11.54535121
266,619,8/30/22,8/30/22,1.0,1798,Pub,1795.0,0.0,0.0,6.0,-3267.606054814424,6452.56705940432,Pub,953.0,11.54535121,1798.0,11.54535121
267,619,8/30/22,8/30/22,0.0,1798,Pub,1745.0,0.0,0.0,6.0,-3209.738139187618,6557.838945386657,Pub,953.0,11.54535121,1798.0,0.0
268,619,8/30/22,8/30/22,0.0,1798,Pub,1766.0,0.0,0.0,4.0,-3209.738139187618,6522.748316725878,Pub,953.0,11.54535121,1798.0,0.0
269,619,8/30/22,8/30/22,0.0,1798,Pub,1795.0,0.0,0.0,6.0,-3267.606054814424,6452.56705940432,Pub,953.0,11.54535121,1798.0,0.0
270,619,8/30/22,8/30/22,2.0,1798,Pub,1745.0,0.0,0.0,6.0,-3209.738139187618,6557.838945386657,Pub,953.0,11.54535121,1798.0,23.09070242
271,619,8/30/22,8/30/22,2.0,1798,Pub,1766.0,0.0,0.0,4.0,-3209.738139187618,6522.748316725878,Pub,953.0,11.54535121,1798.0,23.09070242
272,619,8/30/22,8/30/22,2.0,1798,Pub,1795.0,0.0,0.0,6.0,-3267.606054814424,6452.56705940432,Pub,953.0,11.54535121,1798.0,23.09070242
273,619,8/30/22,8/30/22,2.0,1342,Pub,1312.0,0.0,0.0,1.0,-271.3160303970743,4985.574640487972,Pub,429.0,14.14003653,1342.0,28.28007306
274,619,9/10/22,9/10/22,1.0,1798,Pub,1745.0,0.0,0.0,6.0,-3209.738139187618,6557.838945386657,Pub,953.0,11.54535121,1798.0,11.54535121
275,619,9/10/22,9/10/22,1.0,1798,Pub,1766.0,0.0,0.0,4.0,-3209.738139187618,6522.748316725878,Pub,953.0,11.54535121,1798.0,11.54535121
276,619,9/10/22,9/10/22,1.0,1798,Pub,1795.0,0.0,0.0,6.0,-3267.606054814424,6452.56705940432,Pub,953.0,11.54535121,1798.0,11.54535121
277,619,9/10/22,9/10/22,2.0,1798,Pub,1745.0,0.0,0.0,6.0,-3209.738139187618,6557.838945386657,Pub,953.0,11.54535121,1798.0,23.09070242
278,619,9/10/22,9/10/22,2.0,1798,Pub,1766.0,0.0,0.0,4.0,-3209.738139187618,6522.748316725878,Pub,953.0,11.54535121,1798.0,23.09070242
279,619,9/10/22,9/10/22,2.0,1798,Pub,1795.0,0.0,0.0,6.0,-3267.606054814424,6452.56705940432,Pub,953.0,11.54535121,1798.0,23.09070242
280,619,9/10/22,9/11/22,2.0,1798,Pub,1745.0,0.0,0.0,6.0,-3209.738139187618,6557.838945386657,Pub,953.0,11.54535121,1798.0,23.09070242
281,619,9/10/22,9/11/22,2.0,1798,Pub,1766.0,0.0,0.0,4.0,-3209.738139187618,6522.748316725878,Pub,953.0,11.54535121,1798.0,23.09070242
282,619,9/10/22,9/11/22,2.0,1798,Pub,1795.0,0.0,0.0,6.0,-3267.606054814424,6452.56705940432,Pub,953.0,11.54535121,1798.0,23.09070242
283,619,9/22/22,9/22/22,1.0,1798,Pub,1745.0,0.0,0.0,6.0,-3209.738139187618,6557.838945386657,Pub,953.0,11.54535121,1798.0,11.54535121
284,619,9/22/22,9/22/22,1.0,1798,Pub,1766.0,0.0,0.0,4.0,-3209.738139187618,6522.748316725878,Pub,953.0,11.54535121,1798.0,11.54535121
285,619,9/22/22,9/22/22,1.0,1798,Pub,1795.0,0.0,0.0,6.0,-3267.606054814424,6452.56705940432,Pub,953.0,11.54535121,1798.0,11.54535121
286,619,9/22/22,9/22/22,2.0,1798,Pub,1745.0,0.0,0.0,6.0,-3209.738139187618,6557.838945386657,Pub,953.0,11.54535121,1798.0,23.09070242
287,619,9/22/22,9/22/22,2.0,1798,Pub,1766.0,0.0,0.0,4.0,-3209.738139187618,6522.748316725878,Pub,953.0,11.54535121,1798.0,23.09070242
288,619,9/22/22,9/22/22,2.0,1798,Pub,1795.0,0.0,0.0,6.0,-3267.606054814424,6452.56705940432,Pub,953.0,11.54535121,1798.0,23.09070242
289,619,9/22/22,9/23/22,1.0,1798,Pub,1745.0,0.0,0.0,6.0,-3209.738139187618,6557.838945386657,Pub,953.0,11.54535121,1798.0,11.54535121
290,619,9/22/22,9/23/22,1.0,1798,Pub,1766.0,0.0,0.0,4.0,-3209.738139187618,6522.748316725878,Pub,953.0,11.54535121,1798.0,11.54535121
291,619,9/22/22,9/23/22,1.0,1798,Pub,1795.0,0.0,0.0,6.0,-3267.606054814424,6452.56705940432,Pub,953.0,11.54535121,1798.0,11.54535121
292,619,9/23/22,9/23/22,2.0,1344,Pub,1331.0,0.0,0.0,2.0,-129.40600692752216,3983.3015893368247,Pub,585.0,10.41529315,1344.0,20.8305863
293,619,9/23/22,9/24/22,2.0,1800,Pub,1738.0,0.0,0.0,2.0,-3796.1198513891923,6367.922072582076,Pub,627.0,10.20684548,1800.0,20.41369096
294,619,9/23/22,9/24/22,2.0,1800,Pub,1768.0,0.0,0.0,5.0,-3837.722151176433,6367.922072582076,Pub,627.0,10.20684548,1800.0,20.41369096
295,619,9/23/22,9/24/22,2.0,1800,Pub,1770.0,0.0,0.0,5.0,-3796.1198513891923,6330.793189700022,Pub,627.0,10.20684548,1800.0,20.41369096
296,619,9/24/22,9/24/22,3.0,1344,Pub,1331.0,0.0,0.0,2.0,-129.40600692752216,3983.3015893368247,Pub,585.0,10.41529315,1344.0,31.24587945
297,619,9/24/22,9/25/22,1.0,1798,Pub,1745.0,0.0,0.0,6.0,-3209.738139187618,6557.838945386657,Pub,953.0,11.54535121,1798.0,11.54535121
298,619,9/24/22,9/25/22,1.0,1798,Pub,1766.0,0.0,0.0,4.0,-3209.738139187618,6522.748316725878,Pub,953.0,11.54535121,1798.0,11.54535121
299,619,9/24/22,9/25/22,1.0,1798,Pub,1795.0,0.0,0.0,6.0,-3267.606054814424,6452.56705940432,Pub,953.0,11.54535121,1798.0,11.54535121
300,619,9/26/22,9/26/22,2.0,1798,Pub,1745.0,0.0,0.0,6.0,-3209.738139187618,6557.838945386657,Pub,953.0,11.54535121,1798.0,23.09070242
301,619,9/26/22,9/26/22,2.0,1798,Pub,1766.0,0.0,0.0,4.0,-3209.738139187618,6522.748316725878,Pub,953.0,11.54535121,1798.0,23.09070242
302,619,9/26/22,9/26/22,2.0,1798,Pub,1795.0,0.0,0.0,6.0,-3267.606054814424,6452.56705940432,Pub,953.0,11.54535121,1798.0,23.09070242
303,619,9/26/22,9/26/22,1.0,1800,Pub,1738.0,0.0,0.0,2.0,-3796.1198513891923,6367.922072582076,Pub,627.0,10.20684548,1800.0,10.20684548
304,619,9/26/22,9/26/22,1.0,1800,Pub,1768.0,0.0,0.0,5.0,-3837.722151176433,6367.922072582076,Pub,627.0,10.20684548,1800.0,10.20684548
305,619,9/26/22,9/26/22,1.0,1800,Pub,1770.0,0.0,0.0,5.0,-3796.1198513891923,6330.793189700022,Pub,627.0,10.20684548,1800.0,10.20684548
306,619,9/26/22,9/27/22,1.0,1799,Pub,,,,,,,,,,,
307,619,9/27/22,9/27/22,0.0,1798,Pub,1745.0,0.0,0.0,6.0,-3209.738139187618,6557.838945386657,Pub,953.0,11.54535121,1798.0,0.0
308,619,9/27/22,9/27/22,0.0,1798,Pub,1766.0,0.0,0.0,4.0,-3209.738139187618,6522.748316725878,Pub,953.0,11.54535121,1798.0,0.0
309,619,9/27/22,9/27/22,0.0,1798,Pub,1795.0,0.0,0.0,6.0,-3267.606054814424,6452.56705940432,Pub,953.0,11.54535121,1798.0,0.0
310,619,9/27/22,9/27/22,1.0,1799,Pub,,,,,,,,,,,
311,619,9/27/22,9/27/22,3.0,1342,Pub,1312.0,0.0,0.0,1.0,-271.3160303970743,4985.574640487972,Pub,429.0,14.14003653,1342.0,42.420109589999996
312,619,9/27/22,9/27/22,2.0,1342,Pub,1312.0,0.0,0.0,1.0,-271.3160303970743,4985.574640487972,Pub,429.0,14.14003653,1342.0,28.28007306
313,619,9/27/22,9/27/22,1.0,1798,Pub,1745.0,0.0,0.0,6.0,-3209.738139187618,6557.838945386657,Pub,953.0,11.54535121,1798.0,11.54535121
314,619,9/27/22,9/27/22,1.0,1798,Pub,1766.0,0.0,0.0,4.0,-3209.738139187618,6522.748316725878,Pub,953.0,11.54535121,1798.0,11.54535121
315,619,9/27/22,9/27/22,1.0,1798,Pub,1795.0,0.0,0.0,6.0,-3267.606054814424,6452.56705940432,Pub,953.0,11.54535121,1798.0,11.54535121
316,619,9/27/22,9/27/22,2.0,1800,Pub,1738.0,0.0,0.0,2.0,-3796.1198513891923,6367.922072582076,Pub,627.0,10.20684548,1800.0,20.41369096
317,619,9/27/22,9/27/22,2.0,1800,Pub,1768.0,0.0,0.0,5.0,-3837.722151176433,6367.922072582076,Pub,627.0,10.20684548,1800.0,20.41369096
318,619,9/27/22,9/27/22,2.0,1800,Pub,1770.0,0.0,0.0,5.0,-3796.1198513891923,6330.793189700022,Pub,627.0,10.20684548,1800.0,20.41369096
319,619,9/28/22,9/28/22,1.0,1799,Pub,,,,,,,,,,,
320,619,10/6/22,10/6/22,1.0,1799,Pub,,,,,,,,,,,
321,619,10/6/22,10/6/22,1.0,1798,Pub,1745.0,0.0,0.0,6.0,-3209.738139187618,6557.838945386657,Pub,953.0,11.54535121,1798.0,11.54535121
322,619,10/6/22,10/6/22,1.0,1798,Pub,1766.0,0.0,0.0,4.0,-3209.738139187618,6522.748316725878,Pub,953.0,11.54535121,1798.0,11.54535121
323,619,10/6/22,10/6/22,1.0,1798,Pub,1795.0,0.0,0.0,6.0,-3267.606054814424,6452.56705940432,Pub,953.0,11.54535121,1798.0,11.54535121
324,619,10/6/22,10/7/22,2.0,1798,Pub,1745.0,0.0,0.0,6.0,-3209.738139187618,6557.838945386657,Pub,953.0,11.54535121,1798.0,23.09070242
325,619,10/6/22,10/7/22,2.0,1798,Pub,1766.0,0.0,0.0,4.0,-3209.738139187618,6522.748316725878,Pub,953.0,11.54535121,1798.0,23.09070242
326,619,10/6/22,10/7/22,2.0,1798,Pub,1795.0,0.0,0.0,6.0,-3267.606054814424,6452.56705940432,Pub,953.0,11.54535121,1798.0,23.09070242
327,619,10/7/22,10/7/22,2.0,1800,Pub,1738.0,0.0,0.0,2.0,-3796.1198513891923,6367.922072582076,Pub,627.0,10.20684548,1800.0,20.41369096
328,619,10/7/22,10/7/22,2.0,1800,Pub,1768.0,0.0,0.0,5.0,-3837.722151176433,6367.922072582076,Pub,627.0,10.20684548,1800.0,20.41369096
329,619,10/7/22,10/7/22,2.0,1800,Pub,1770.0,0.0,0.0,5.0,-3796.1198513891923,6330.793189700022,Pub,627.0,10.20684548,1800.0,20.41369096
330,619,10/7/22,10/7/22,1.0,1798,Pub,1745.0,0.0,0.0,6.0,-3209.738139187618,6557.838945386657,Pub,953.0,11.54535121,1798.0,11.54535121
331,619,10/7/22,10/7/22,1.0,1798,Pub,1766.0,0.0,0.0,4.0,-3209.738139187618,6522.748316725878,Pub,953.0,11.54535121,1798.0,11.54535121
332,619,10/7/22,10/7/22,1.0,1798,Pub,1795.0,0.0,0.0,6.0,-3267.606054814424,6452.56705940432,Pub,953.0,11.54535121,1798.0,11.54535121
333,619,10/7/22,10/8/22,1.0,1342,Pub,1312.0,0.0,0.0,1.0,-271.3160303970743,4985.574640487972,Pub,429.0,14.14003653,1342.0,14.14003653
334,619,10/8/22,10/8/22,1.0,1342,Pub,1312.0,0.0,0.0,1.0,-271.3160303970743,4985.574640487972,Pub,429.0,14.14003653,1342.0,14.14003653
335,619,10/20/22,10/20/22,1.0,1798,Pub,1745.0,0.0,0.0,6.0,-3209.738139187618,6557.838945386657,Pub,953.0,11.54535121,1798.0,11.54535121
336,619,10/20/22,10/20/22,1.0,1798,Pub,1766.0,0.0,0.0,4.0,-3209.738139187618,6522.748316725878,Pub,953.0,11.54535121,1798.0,11.54535121
337,619,10/20/22,10/20/22,1.0,1798,Pub,1795.0,0.0,0.0,6.0,-3267.606054814424,6452.56705940432,Pub,953.0,11.54535121,1798.0,11.54535121
338,619,10/20/22,10/20/22,1.0,1798,Pub,1745.0,0.0,0.0,6.0,-3209.738139187618,6557.838945386657,Pub,953.0,11.54535121,1798.0,11.54535121
339,619,10/20/22,10/20/22,1.0,1798,Pub,1766.0,0.0,0.0,4.0,-3209.738139187618,6522.748316725878,Pub,953.0,11.54535121,1798.0,11.54535121
340,619,10/20/22,10/20/22,1.0,1798,Pub,1795.0,0.0,0.0,6.0,-3267.606054814424,6452.56705940432,Pub,953.0,11.54535121,1798.0,11.54535121
341,619,10/20/22,10/21/22,1.0,1800,Pub,1738.0,0.0,0.0,2.0,-3796.1198513891923,6367.922072582076,Pub,627.0,10.20684548,1800.0,10.20684548
342,619,10/20/22,10/21/22,1.0,1800,Pub,1768.0,0.0,0.0,5.0,-3837.722151176433,6367.922072582076,Pub,627.0,10.20684548,1800.0,10.20684548
343,619,10/20/22,10/21/22,1.0,1800,Pub,1770.0,0.0,0.0,5.0,-3796.1198513891923,6330.793189700022,Pub,627.0,10.20684548,1800.0,10.20684548
344,619,10/31/22,10/31/22,2.0,1798,Pub,1745.0,0.0,0.0,6.0,-3209.738139187618,6557.838945386657,Pub,953.0,11.54535121,1798.0,23.09070242
345,619,10/31/22,10/31/22,2.0,1798,Pub,1766.0,0.0,0.0,4.0,-3209.738139187618,6522.748316725878,Pub,953.0,11.54535121,1798.0,23.09070242
346,619,10/31/22,10/31/22,2.0,1798,Pub,1795.0,0.0,0.0,6.0,-3267.606054814424,6452.56705940432,Pub,953.0,11.54535121,1798.0,23.09070242
347,619,10/31/22,10/31/22,2.0,1800,Pub,1738.0,0.0,0.0,2.0,-3796.1198513891923,6367.922072582076,Pub,627.0,10.20684548,1800.0,20.41369096
348,619,10/31/22,10/31/22,2.0,1800,Pub,1768.0,0.0,0.0,5.0,-3837.722151176433,6367.922072582076,Pub,627.0,10.20684548,1800.0,20.41369096
349,619,10/31/22,10/31/22,2.0,1800,Pub,1770.0,0.0,0.0,5.0,-3796.1198513891923,6330.793189700022,Pub,627.0,10.20684548,1800.0,20.41369096
350,619,10/31/22,11/1/22,1.0,1798,Pub,1745.0,0.0,0.0,6.0,-3209.738139187618,6557.838945386657,Pub,953.0,11.54535121,1798.0,11.54535121
351,619,10/31/22,11/1/22,1.0,1798,Pub,1766.0,0.0,0.0,4.0,-3209.738139187618,6522.748316725878,Pub,953.0,11.54535121,1798.0,11.54535121
352,619,10/31/22,11/1/22,1.0,1798,Pub,1795.0,0.0,0.0,6.0,-3267.606054814424,6452.56705940432,Pub,953.0,11.54535121,1798.0,11.54535121
353,619,11/10/22,11/10/22,1.0,1800,Pub,1738.0,0.0,0.0,2.0,-3796.1198513891923,6367.922072582076,Pub,627.0,10.20684548,1800.0,10.20684548
354,619,11/10/22,11/10/22,1.0,1800,Pub,1768.0,0.0,0.0,5.0,-3837.722151176433,6367.922072582076,Pub,627.0,10.20684548,1800.0,10.20684548
355,619,11/10/22,11/10/22,1.0,1800,Pub,1770.0,0.0,0.0,5.0,-3796.1198513891923,6330.793189700022,Pub,627.0,10.20684548,1800.0,10.20684548
356,619,11/10/22,11/10/22,0.0,1798,Pub,1745.0,0.0,0.0,6.0,-3209.738139187618,6557.838945386657,Pub,953.0,11.54535121,1798.0,0.0
357,619,11/10/22,11/10/22,0.0,1798,Pub,1766.0,0.0,0.0,4.0,-3209.738139187618,6522.748316725878,Pub,953.0,11.54535121,1798.0,0.0
358,619,11/10/22,11/10/22,0.0,1798,Pub,1795.0,0.0,0.0,6.0,-3267.606054814424,6452.56705940432,Pub,953.0,11.54535121,1798.0,0.0
359,619,11/10/22,11/10/22,1.0,1798,Pub,1745.0,0.0,0.0,6.0,-3209.738139187618,6557.838945386657,Pub,953.0,11.54535121,1798.0,11.54535121
360,619,11/10/22,11/10/22,1.0,1798,Pub,1766.0,0.0,0.0,4.0,-3209.738139187618,6522.748316725878,Pub,953.0,11.54535121,1798.0,11.54535121
361,619,11/10/22,11/10/22,1.0,1798,Pub,1795.0,0.0,0.0,6.0,-3267.606054814424,6452.56705940432,Pub,953.0,11.54535121,1798.0,11.54535121
362,619,11/10/22,11/11/22,1.0,1798,Pub,1745.0,0.0,0.0,6.0,-3209.738139187618,6557.838945386657,Pub,953.0,11.54535121,1798.0,11.54535121
363,619,11/10/22,11/11/22,1.0,1798,Pub,1766.0,0.0,0.0,4.0,-3209.738139187618,6522.748316725878,Pub,953.0,11.54535121,1798.0,11.54535121
364,619,11/10/22,11/11/22,1.0,1798,Pub,1795.0,0.0,0.0,6.0,-3267.606054814424,6452.56705940432,Pub,953.0,11.54535121,1798.0,11.54535121
365,619,11/16/22,11/16/22,1.0,1799,Pub,,,,,,,,,,,
366,619,11/16/22,11/16/22,1.0,1799,Pub,,,,,,,,,,,
367,619,11/16/22,11/16/22,2.0,1798,Pub,1745.0,0.0,0.0,6.0,-3209.738139187618,6557.838945386657,Pub,953.0,11.54535121,1798.0,23.09070242
368,619,11/16/22,11/16/22,2.0,1798,Pub,1766.0,0.0,0.0,4.0,-3209.738139187618,6522.748316725878,Pub,953.0,11.54535121,1798.0,23.09070242
369,619,11/16/22,11/16/22,2.0,1798,Pub,1795.0,0.0,0.0,6.0,-3267.606054814424,6452.56705940432,Pub,953.0,11.54535121,1798.0,23.09070242
370,619,11/16/22,11/16/22,1.0,1799,Pub,,,,,,,,,,,
371,619,11/16/22,11/16/22,1.0,1799,Pub,,,,,,,,,,,
372,619,11/16/22,11/16/22,1.0,1798,Pub,1745.0,0.0,0.0,6.0,-3209.738139187618,6557.838945386657,Pub,953.0,11.54535121,1798.0,11.54535121
373,619,11/16/22,11/16/22,1.0,1798,Pub,1766.0,0.0,0.0,4.0,-3209.738139187618,6522.748316725878,Pub,953.0,11.54535121,1798.0,11.54535121
374,619,11/16/22,11/16/22,1.0,1798,Pub,1795.0,0.0,0.0,6.0,-3267.606054814424,6452.56705940432,Pub,953.0,11.54535121,1798.0,11.54535121
375,619,11/16/22,11/16/22,2.0,1800,Pub,1738.0,0.0,0.0,2.0,-3796.1198513891923,6367.922072582076,Pub,627.0,10.20684548,1800.0,20.41369096
376,619,11/16/22,11/16/22,2.0,1800,Pub,1768.0,0.0,0.0,5.0,-3837.722151176433,6367.922072582076,Pub,627.0,10.20684548,1800.0,20.41369096
377,619,11/16/22,11/16/22,2.0,1800,Pub,1770.0,0.0,0.0,5.0,-3796.1198513891923,6330.793189700022,Pub,627.0,10.20684548,1800.0,20.41369096
378,619,11/16/22,11/17/22,3.0,1344,Pub,1331.0,0.0,0.0,2.0,-129.40600692752216,3983.3015893368247,Pub,585.0,10.41529315,1344.0,31.24587945
379,619,11/18/22,11/18/22,2.0,1800,Pub,1738.0,0.0,0.0,2.0,-3796.1198513891923,6367.922072582076,Pub,627.0,10.20684548,1800.0,20.41369096
380,619,11/18/22,11/18/22,2.0,1800,Pub,1768.0,0.0,0.0,5.0,-3837.722151176433,6367.922072582076,Pub,627.0,10.20684548,1800.0,20.41369096
381,619,11/18/22,11/18/22,2.0,1800,Pub,1770.0,0.0,0.0,5.0,-3796.1198513891923,6330.793189700022,Pub,627.0,10.20684548,1800.0,20.41369096
382,619,11/18/22,11/18/22,2.0,1800,Pub,1738.0,0.0,0.0,2.0,-3796.1198513891923,6367.922072582076,Pub,627.0,10.20684548,1800.0,20.41369096
383,619,11/18/22,11/18/22,2.0,1800,Pub,1768.0,0.0,0.0,5.0,-3837.722151176433,6367.922072582076,Pub,627.0,10.20684548,1800.0,20.41369096
384,619,11/18/22,11/18/22,2.0,1800,Pub,1770.0,0.0,0.0,5.0,-3796.1198513891923,6330.793189700022,Pub,627.0,10.20684548,1800.0,20.41369096
385,619,11/19/22,11/19/22,2.0,1344,Pub,1331.0,0.0,0.0,2.0,-129.40600692752216,3983.3015893368247,Pub,585.0,10.41529315,1344.0,20.8305863
386,619,11/20/22,11/20/22,2.0,1342,Pub,1312.0,0.0,0.0,1.0,-271.3160303970743,4985.574640487972,Pub,429.0,14.14003653,1342.0,28.28007306
387,619,11/20/22,11/20/22,2.0,1798,Pub,1745.0,0.0,0.0,6.0,-3209.738139187618,6557.838945386657,Pub,953.0,11.54535121,1798.0,23.09070242
388,619,11/20/22,11/20/22,2.0,1798,Pub,1766.0,0.0,0.0,4.0,-3209.738139187618,6522.748316725878,Pub,953.0,11.54535121,1798.0,23.09070242
389,619,11/20/22,11/20/22,2.0,1798,Pub,1795.0,0.0,0.0,6.0,-3267.606054814424,6452.56705940432,Pub,953.0,11.54535121,1798.0,23.09070242
390,619,11/21/22,11/21/22,1.0,1798,Pub,1745.0,0.0,0.0,6.0,-3209.738139187618,6557.838945386657,Pub,953.0,11.54535121,1798.0,11.54535121
391,619,11/21/22,11/21/22,1.0,1798,Pub,1766.0,0.0,0.0,4.0,-3209.738139187618,6522.748316725878,Pub,953.0,11.54535121,1798.0,11.54535121
392,619,11/21/22,11/21/22,1.0,1798,Pub,1795.0,0.0,0.0,6.0,-3267.606054814424,6452.56705940432,Pub,953.0,11.54535121,1798.0,11.54535121
393,619,11/22/22,11/22/22,1.0,1798,Pub,1745.0,0.0,0.0,6.0,-3209.738139187618,6557.838945386657,Pub,953.0,11.54535121,1798.0,11.54535121
394,619,11/22/22,11/22/22,1.0,1798,Pub,1766.0,0.0,0.0,4.0,-3209.738139187618,6522.748316725878,Pub,953.0,11.54535121,1798.0,11.54535121
395,619,11/22/22,11/22/22,1.0,1798,Pub,1795.0,0.0,0.0,6.0,-3267.606054814424,6452.56705940432,Pub,953.0,11.54535121,1798.0,11.54535121
396,619,11/22/22,11/22/22,1.0,1798,Pub,1745.0,0.0,0.0,6.0,-3209.738139187618,6557.838945386657,Pub,953.0,11.54535121,1798.0,11.54535121
397,619,11/22/22,11/22/22,1.0,1798,Pub,1766.0,0.0,0.0,4.0,-3209.738139187618,6522.748316725878,Pub,953.0,11.54535121,1798.0,11.54535121
398,619,11/22/22,11/22/22,1.0,1798,Pub,1795.0,0.0,0.0,6.0,-3267.606054814424,6452.56705940432,Pub,953.0,11.54535121,1798.0,11.54535121
399,619,11/22/22,11/22/22,2.0,1798,Pub,1745.0,0.0,0.0,6.0,-3209.738139187618,6557.838945386657,Pub,953.0,11.54535121,1798.0,23.09070242
400,619,11/22/22,11/22/22,2.0,1798,Pub,1766.0,0.0,0.0,4.0,-3209.738139187618,6522.748316725878,Pub,953.0,11.54535121,1798.0,23.09070242
401,619,11/22/22,11/22/22,2.0,1798,Pub,1795.0,0.0,0.0,6.0,-3267.606054814424,6452.56705940432,Pub,953.0,11.54535121,1798.0,23.09070242
402,619,11/22/22,11/22/22,1.0,1798,Pub,1745.0,0.0,0.0,6.0,-3209.738139187618,6557.838945386657,Pub,953.0,11.54535121,1798.0,11.54535121
403,619,11/22/22,11/22/22,1.0,1798,Pub,1766.0,0.0,0.0,4.0,-3209.738139187618,6522.748316725878,Pub,953.0,11.54535121,1798.0,11.54535121
404,619,11/22/22,11/22/22,1.0,1798,Pub,1795.0,0.0,0.0,6.0,-3267.606054814424,6452.56705940432,Pub,953.0,11.54535121,1798.0,11.54535121
405,619,11/23/22,11/23/22,1.0,1798,Pub,1745.0,0.0,0.0,6.0,-3209.738139187618,6557.838945386657,Pub,953.0,11.54535121,1798.0,11.54535121
406,619,11/23/22,11/23/22,1.0,1798,Pub,1766.0,0.0,0.0,4.0,-3209.738139187618,6522.748316725878,Pub,953.0,11.54535121,1798.0,11.54535121
407,619,11/23/22,11/23/22,1.0,1798,Pub,1795.0,0.0,0.0,6.0,-3267.606054814424,6452.56705940432,Pub,953.0,11.54535121,1798.0,11.54535121
408,619,11/23/22,11/23/22,2.0,1799,Pub,,,,,,,,,,,
409,619,11/23/22,11/23/22,2.0,1798,Pub,1745.0,0.0,0.0,6.0,-3209.738139187618,6557.838945386657,Pub,953.0,11.54535121,1798.0,23.09070242
410,619,11/23/22,11/23/22,2.0,1798,Pub,1766.0,0.0,0.0,4.0,-3209.738139187618,6522.748316725878,Pub,953.0,11.54535121,1798.0,23.09070242
411,619,11/23/22,11/23/22,2.0,1798,Pub,1795.0,0.0,0.0,6.0,-3267.606054814424,6452.56705940432,Pub,953.0,11.54535121,1798.0,23.09070242
412,619,11/23/22,11/23/22,1.0,1800,Pub,1738.0,0.0,0.0,2.0,-3796.1198513891923,6367.922072582076,Pub,627.0,10.20684548,1800.0,10.20684548
413,619,11/23/22,11/23/22,1.0,1800,Pub,1768.0,0.0,0.0,5.0,-3837.722151176433,6367.922072582076,Pub,627.0,10.20684548,1800.0,10.20684548
414,619,11/23/22,11/23/22,1.0,1800,Pub,1770.0,0.0,0.0,5.0,-3796.1198513891923,6330.793189700022,Pub,627.0,10.20684548,1800.0,10.20684548
415,619,11/24/22,11/24/22,2.0,1798,Pub,1745.0,0.0,0.0,6.0,-3209.738139187618,6557.838945386657,Pub,953.0,11.54535121,1798.0,23.09070242
416,619,11/24/22,11/24/22,2.0,1798,Pub,1766.0,0.0,0.0,4.0,-3209.738139187618,6522.748316725878,Pub,953.0,11.54535121,1798.0,23.09070242
417,619,11/24/22,11/24/22,2.0,1798,Pub,1795.0,0.0,0.0,6.0,-3267.606054814424,6452.56705940432,Pub,953.0,11.54535121,1798.0,23.09070242
418,619,11/24/22,11/25/22,3.0,1344,Pub,1331.0,0.0,0.0,2.0,-129.40600692752216,3983.3015893368247,Pub,585.0,10.41529315,1344.0,31.24587945
419,619,11/30/22,11/30/22,1.0,1798,Pub,1745.0,0.0,0.0,6.0,-3209.738139187618,6557.838945386657,Pub,953.0,11.54535121,1798.0,11.54535121
420,619,11/30/22,11/30/22,1.0,1798,Pub,1766.0,0.0,0.0,4.0,-3209.738139187618,6522.748316725878,Pub,953.0,11.54535121,1798.0,11.54535121
421,619,11/30/22,11/30/22,1.0,1798,Pub,1795.0,0.0,0.0,6.0,-3267.606054814424,6452.56705940432,Pub,953.0,11.54535121,1798.0,11.54535121
422,619,11/30/22,11/30/22,1.0,1800,Pub,1738.0,0.0,0.0,2.0,-3796.1198513891923,6367.922072582076,Pub,627.0,10.20684548,1800.0,10.20684548
423,619,11/30/22,11/30/22,1.0,1800,Pub,1768.0,0.0,0.0,5.0,-3837.722151176433,6367.922072582076,Pub,627.0,10.20684548,1800.0,10.20684548
424,619,11/30/22,11/30/22,1.0,1800,Pub,1770.0,0.0,0.0,5.0,-3796.1198513891923,6330.793189700022,Pub,627.0,10.20684548,1800.0,10.20684548
425,619,11/30/22,11/30/22,2.0,1798,Pub,1745.0,0.0,0.0,6.0,-3209.738139187618,6557.838945386657,Pub,953.0,11.54535121,1798.0,23.09070242
426,619,11/30/22,11/30/22,2.0,1798,Pub,1766.0,0.0,0.0,4.0,-3209.738139187618,6522.748316725878,Pub,953.0,11.54535121,1798.0,23.09070242
427,619,11/30/22,11/30/22,2.0,1798,Pub,1795.0,0.0,0.0,6.0,-3267.606054814424,6452.56705940432,Pub,953.0,11.54535121,1798.0,23.09070242
428,619,11/30/22,11/30/22,1.0,1798,Pub,1745.0,0.0,0.0,6.0,-3209.738139187618,6557.838945386657,Pub,953.0,11.54535121,1798.0,11.54535121
429,619,11/30/22,11/30/22,1.0,1798,Pub,1766.0,0.0,0.0,4.0,-3209.738139187618,6522.748316725878,Pub,953.0,11.54535121,1798.0,11.54535121
430,619,11/30/22,11/30/22,1.0,1798,Pub,1795.0,0.0,0.0,6.0,-3267.606054814424,6452.56705940432,Pub,953.0,11.54535121,1798.0,11.54535121
431,619,11/30/22,11/30/22,3.0,1342,Pub,1312.0,0.0,0.0,1.0,-271.3160303970743,4985.574640487972,Pub,429.0,14.14003653,1342.0,42.420109589999996
432,619,12/1/22,12/1/22,2.0,1798,Pub,1745.0,0.0,0.0,6.0,-3209.738139187618,6557.838945386657,Pub,953.0,11.54535121,1798.0,23.09070242
433,619,12/1/22,12/1/22,2.0,1798,Pub,1766.0,0.0,0.0,4.0,-3209.738139187618,6522.748316725878,Pub,953.0,11.54535121,1798.0,23.09070242
434,619,12/1/22,12/1/22,2.0,1798,Pub,1795.0,0.0,0.0,6.0,-3267.606054814424,6452.56705940432,Pub,953.0,11.54535121,1798.0,23.09070242
435,619,12/1/22,12/1/22,2.0,1800,Pub,1738.0,0.0,0.0,2.0,-3796.1198513891923,6367.922072582076,Pub,627.0,10.20684548,1800.0,20.41369096
436,619,12/1/22,12/1/22,2.0,1800,Pub,1768.0,0.0,0.0,5.0,-3837.722151176433,6367.922072582076,Pub,627.0,10.20684548,1800.0,20.41369096
437,619,12/1/22,12/1/22,2.0,1800,Pub,1770.0,0.0,0.0,5.0,-3796.1198513891923,6330.793189700022,Pub,627.0,10.20684548,1800.0,20.41369096
438,619,12/1/22,12/1/22,1.0,1798,Pub,1745.0,0.0,0.0,6.0,-3209.738139187618,6557.838945386657,Pub,953.0,11.54535121,1798.0,11.54535121
439,619,12/1/22,12/1/22,1.0,1798,Pub,1766.0,0.0,0.0,4.0,-3209.738139187618,6522.748316725878,Pub,953.0,11.54535121,1798.0,11.54535121
440,619,12/1/22,12/1/22,1.0,1798,Pub,1795.0,0.0,0.0,6.0,-3267.606054814424,6452.56705940432,Pub,953.0,11.54535121,1798.0,11.54535121
441,619,12/2/22,12/2/22,1.0,1799,Pub,,,,,,,,,,,
442,619,12/3/22,12/3/22,1.0,1798,Pub,1745.0,0.0,0.0,6.0,-3209.738139187618,6557.838945386657,Pub,953.0,11.54535121,1798.0,11.54535121
443,619,12/3/22,12/3/22,1.0,1798,Pub,1766.0,0.0,0.0,4.0,-3209.738139187618,6522.748316725878,Pub,953.0,11.54535121,1798.0,11.54535121
444,619,12/3/22,12/3/22,1.0,1798,Pub,1795.0,0.0,0.0,6.0,-3267.606054814424,6452.56705940432,Pub,953.0,11.54535121,1798.0,11.54535121
445,619,12/3/22,12/3/22,2.0,1798,Pub,1745.0,0.0,0.0,6.0,-3209.738139187618,6557.838945386657,Pub,953.0,11.54535121,1798.0,23.09070242
446,619,12/3/22,12/3/22,2.0,1798,Pub,1766.0,0.0,0.0,4.0,-3209.738139187618,6522.748316725878,Pub,953.0,11.54535121,1798.0,23.09070242
447,619,12/3/22,12/3/22,2.0,1798,Pub,1795.0,0.0,0.0,6.0,-3267.606054814424,6452.56705940432,Pub,953.0,11.54535121,1798.0,23.09070242
448,619,12/3/22,12/4/22,2.0,1798,Pub,1745.0,0.0,0.0,6.0,-3209.738139187618,6557.838945386657,Pub,953.0,11.54535121,1798.0,23.09070242
449,619,12/3/22,12/4/22,2.0,1798,Pub,1766.0,0.0,0.0,4.0,-3209.738139187618,6522.748316725878,Pub,953.0,11.54535121,1798.0,23.09070242
450,619,12/3/22,12/4/22,2.0,1798,Pub,1795.0,0.0,0.0,6.0,-3267.606054814424,6452.56705940432,Pub,953.0,11.54535121,1798.0,23.09070242
451,619,12/16/22,12/16/22,2.0,1798,Pub,1745.0,0.0,0.0,6.0,-3209.738139187618,6557.838945386657,Pub,953.0,11.54535121,1798.0,23.09070242
452,619,12/16/22,12/16/22,2.0,1798,Pub,1766.0,0.0,0.0,4.0,-3209.738139187618,6522.748316725878,Pub,953.0,11.54535121,1798.0,23.09070242
453,619,12/16/22,12/16/22,2.0,1798,Pub,1795.0,0.0,0.0,6.0,-3267.606054814424,6452.56705940432,Pub,953.0,11.54535121,1798.0,23.09070242
454,619,12/16/22,12/16/22,2.0,1798,Pub,1745.0,0.0,0.0,6.0,-3209.738139187618,6557.838945386657,Pub,953.0,11.54535121,1798.0,23.09070242
455,619,12/16/22,12/16/22,2.0,1798,Pub,1766.0,0.0,0.0,4.0,-3209.738139187618,6522.748316725878,Pub,953.0,11.54535121,1798.0,23.09070242
456,619,12/16/22,12/16/22,2.0,1798,Pub,1795.0,0.0,0.0,6.0,-3267.606054814424,6452.56705940432,Pub,953.0,11.54535121,1798.0,23.09070242
457,619,12/16/22,12/17/22,2.0,1798,Pub,1745.0,0.0,0.0,6.0,-3209.738139187618,6557.838945386657,Pub,953.0,11.54535121,1798.0,23.09070242
458,619,12/16/22,12/17/22,2.0,1798,Pub,1766.0,0.0,0.0,4.0,-3209.738139187618,6522.748316725878,Pub,953.0,11.54535121,1798.0,23.09070242
459,619,12/16/22,12/17/22,2.0,1798,Pub,1795.0,0.0,0.0,6.0,-3267.606054814424,6452.56705940432,Pub,953.0,11.54535121,1798.0,23.09070242
460,619,12/18/22,12/18/22,2.0,1798,Pub,1745.0,0.0,0.0,6.0,-3209.738139187618,6557.838945386657,Pub,953.0,11.54535121,1798.0,23.09070242
461,619,12/18/22,12/18/22,2.0,1798,Pub,1766.0,0.0,0.0,4.0,-3209.738139187618,6522.748316725878,Pub,953.0,11.54535121,1798.0,23.09070242
462,619,12/18/22,12/18/22,2.0,1798,Pub,1795.0,0.0,0.0,6.0,-3267.606054814424,6452.56705940432,Pub,953.0,11.54535121,1798.0,23.09070242
463,619,12/18/22,12/18/22,2.0,1798,Pub,1745.0,0.0,0.0,6.0,-3209.738139187618,6557.838945386657,Pub,953.0,11.54535121,1798.0,23.09070242
464,619,12/18/22,12/18/22,2.0,1798,Pub,1766.0,0.0,0.0,4.0,-3209.738139187618,6522.748316725878,Pub,953.0,11.54535121,1798.0,23.09070242
465,619,12/18/22,12/18/22,2.0,1798,Pub,1795.0,0.0,0.0,6.0,-3267.606054814424,6452.56705940432,Pub,953.0,11.54535121,1798.0,23.09070242
466,619,12/18/22,12/19/22,1.0,1800,Pub,1738.0,0.0,0.0,2.0,-3796.1198513891923,6367.922072582076,Pub,627.0,10.20684548,1800.0,10.20684548
467,619,12/18/22,12/19/22,1.0,1800,Pub,1768.0,0.0,0.0,5.0,-3837.722151176433,6367.922072582076,Pub,627.0,10.20684548,1800.0,10.20684548
468,619,12/18/22,12/19/22,1.0,1800,Pub,1770.0,0.0,0.0,5.0,-3796.1198513891923,6330.793189700022,Pub,627.0,10.20684548,1800.0,10.20684548
469,619,12/31/22,12/31/22,2.0,1799,Pub,,,,,,,,,,,
470,619,12/31/22,12/31/22,2.0,1798,Pub,1745.0,0.0,0.0,6.0,-3209.738139187618,6557.838945386657,Pub,953.0,11.54535121,1798.0,23.09070242
471,619,12/31/22,12/31/22,2.0,1798,Pub,1766.0,0.0,0.0,4.0,-3209.738139187618,6522.748316725878,Pub,953.0,11.54535121,1798.0,23.09070242
472,619,12/31/22,12/31/22,2.0,1798,Pub,1795.0,0.0,0.0,6.0,-3267.606054814424,6452.56705940432,Pub,953.0,11.54535121,1798.0,23.09070242
473,619,12/31/22,1/1/23,2.0,1798,Pub,1745.0,0.0,0.0,6.0,-3209.738139187618,6557.838945386657,Pub,953.0,11.54535121,1798.0,23.09070242
474,619,12/31/22,1/1/23,2.0,1798,Pub,1766.0,0.0,0.0,4.0,-3209.738139187618,6522.748316725878,Pub,953.0,11.54535121,1798.0,23.09070242
475,619,12/31/22,1/1/23,2.0,1798,Pub,1795.0,0.0,0.0,6.0,-3267.606054814424,6452.56705940432,Pub,953.0,11.54535121,1798.0,23.09070242
476,619,1/5/23,1/5/23,2.0,1798,Pub,1745.0,0.0,0.0,6.0,-3209.738139187618,6557.838945386657,Pub,953.0,11.54535121,1798.0,23.09070242
477,619,1/5/23,1/5/23,2.0,1798,Pub,1766.0,0.0,0.0,4.0,-3209.738139187618,6522.748316725878,Pub,953.0,11.54535121,1798.0,23.09070242
478,619,1/5/23,1/5/23,2.0,1798,Pub,1795.0,0.0,0.0,6.0,-3267.606054814424,6452.56705940432,Pub,953.0,11.54535121,1798.0,23.09070242
479,619,1/5/23,1/5/23,2.0,1799,Pub,,,,,,,,,,,
480,619,1/5/23,1/6/23,2.0,1798,Pub,1745.0,0.0,0.0,6.0,-3209.738139187618,6557.838945386657,Pub,953.0,11.54535121,1798.0,23.09070242
481,619,1/5/23,1/6/23,2.0,1798,Pub,1766.0,0.0,0.0,4.0,-3209.738139187618,6522.748316725878,Pub,953.0,11.54535121,1798.0,23.09070242
482,619,1/5/23,1/6/23,2.0,1798,Pub,1795.0,0.0,0.0,6.0,-3267.606054814424,6452.56705940432,Pub,953.0,11.54535121,1798.0,23.09070242
483,619,1/15/23,1/15/23,2.0,1798,Pub,1745.0,0.0,0.0,6.0,-3209.738139187618,6557.838945386657,Pub,953.0,11.54535121,1798.0,23.09070242
484,619,1/15/23,1/15/23,2.0,1798,Pub,1766.0,0.0,0.0,4.0,-3209.738139187618,6522.748316725878,Pub,953.0,11.54535121,1798.0,23.09070242
485,619,1/15/23,1/15/23,2.0,1798,Pub,1795.0,0.0,0.0,6.0,-3267.606054814424,6452.56705940432,Pub,953.0,11.54535121,1798.0,23.09070242
486,619,1/15/23,1/16/23,3.0,1342,Pub,1312.0,0.0,0.0,1.0,-271.3160303970743,4985.574640487972,Pub,429.0,14.14003653,1342.0,42.420109589999996
487,619,1/26/23,1/26/23,2.0,1798,Pub,1745.0,0.0,0.0,6.0,-3209.738139187618,6557.838945386657,Pub,953.0,11.54535121,1798.0,23.09070242
488,619,1/26/23,1/26/23,2.0,1798,Pub,1766.0,0.0,0.0,4.0,-3209.738139187618,6522.748316725878,Pub,953.0,11.54535121,1798.0,23.09070242
489,619,1/26/23,1/26/23,2.0,1798,Pub,1795.0,0.0,0.0,6.0,-3267.606054814424,6452.56705940432,Pub,953.0,11.54535121,1798.0,23.09070242
490,619,1/26/23,1/26/23,2.0,1798,Pub,1745.0,0.0,0.0,6.0,-3209.738139187618,6557.838945386657,Pub,953.0,11.54535121,1798.0,23.09070242
491,619,1/26/23,1/26/23,2.0,1798,Pub,1766.0,0.0,0.0,4.0,-3209.738139187618,6522.748316725878,Pub,953.0,11.54535121,1798.0,23.09070242
492,619,1/26/23,1/26/23,2.0,1798,Pub,1795.0,0.0,0.0,6.0,-3267.606054814424,6452.56705940432,Pub,953.0,11.54535121,1798.0,23.09070242
493,619,1/26/23,1/27/23,1.0,1800,Pub,1738.0,0.0,0.0,2.0,-3796.1198513891923,6367.922072582076,Pub,627.0,10.20684548,1800.0,10.20684548
494,619,1/26/23,1/27/23,1.0,1800,Pub,1768.0,0.0,0.0,5.0,-3837.722151176433,6367.922072582076,Pub,627.0,10.20684548,1800.0,10.20684548
495,619,1/26/23,1/27/23,1.0,1800,Pub,1770.0,0.0,0.0,5.0,-3796.1198513891923,6330.793189700022,Pub,627.0,10.20684548,1800.0,10.20684548
496,619,2/3/23,2/3/23,1.0,1798,Pub,1745.0,0.0,0.0,6.0,-3209.738139187618,6557.838945386657,Pub,953.0,11.54535121,1798.0,11.54535121
497,619,2/3/23,2/3/23,1.0,1798,Pub,1766.0,0.0,0.0,4.0,-3209.738139187618,6522.748316725878,Pub,953.0,11.54535121,1798.0,11.54535121
498,619,2/3/23,2/3/23,1.0,1798,Pub,1795.0,0.0,0.0,6.0,-3267.606054814424,6452.56705940432,Pub,953.0,11.54535121,1798.0,11.54535121
499,619,2/3/23,2/3/23,2.0,1798,Pub,1745.0,0.0,0.0,6.0,-3209.738139187618,6557.838945386657,Pub,953.0,11.54535121,1798.0,23.09070242
500,619,2/3/23,2/3/23,2.0,1798,Pub,1766.0,0.0,0.0,4.0,-3209.738139187618,6522.748316725878,Pub,953.0,11.54535121,1798.0,23.09070242
501,619,2/3/23,2/3/23,2.0,1798,Pub,1795.0,0.0,0.0,6.0,-3267.606054814424,6452.56705940432,Pub,953.0,11.54535121,1798.0,23.09070242
502,619,2/3/23,2/4/23,1.0,1342,Pub,1312.0,0.0,0.0,1.0,-271.3160303970743,4985.574640487972,Pub,429.0,14.14003653,1342.0,14.14003653
503,619,2/4/23,2/4/23,1.0,1342,Pub,1312.0,0.0,0.0,1.0,-271.3160303970743,4985.574640487972,Pub,429.0,14.14003653,1342.0,14.14003653
504,619,2/11/23,2/11/23,1.0,1798,Pub,1745.0,0.0,0.0,6.0,-3209.738139187618,6557.838945386657,Pub,953.0,11.54535121,1798.0,11.54535121
505,619,2/11/23,2/11/23,1.0,1798,Pub,1766.0,0.0,0.0,4.0,-3209.738139187618,6522.748316725878,Pub,953.0,11.54535121,1798.0,11.54535121
506,619,2/11/23,2/11/23,1.0,1798,Pub,1795.0,0.0,0.0,6.0,-3267.606054814424,6452.56705940432,Pub,953.0,11.54535121,1798.0,11.54535121
507,619,2/11/23,2/12/23,3.0,1344,Pub,1331.0,0.0,0.0,2.0,-129.40600692752216,3983.3015893368247,Pub,585.0,10.41529315,1344.0,31.24587945
508,619,2/12/23,2/12/23,2.0,1800,Pub,1738.0,0.0,0.0,2.0,-3796.1198513891923,6367.922072582076,Pub,627.0,10.20684548,1800.0,20.41369096
509,619,2/12/23,2/12/23,2.0,1800,Pub,1768.0,0.0,0.0,5.0,-3837.722151176433,6367.922072582076,Pub,627.0,10.20684548,1800.0,20.41369096
510,619,2/12/23,2/12/23,2.0,1800,Pub,1770.0,0.0,0.0,5.0,-3796.1198513891923,6330.793189700022,Pub,627.0,10.20684548,1800.0,20.41369096
511,619,2/12/23,2/13/23,3.0,1344,Pub,1331.0,0.0,0.0,2.0,-129.40600692752216,3983.3015893368247,Pub,585.0,10.41529315,1344.0,31.24587945
512,619,2/13/23,2/13/23,2.0,1798,Pub,1745.0,0.0,0.0,6.0,-3209.738139187618,6557.838945386657,Pub,953.0,11.54535121,1798.0,23.09070242
513,619,2/13/23,2/13/23,2.0,1798,Pub,1766.0,0.0,0.0,4.0,-3209.738139187618,6522.748316725878,Pub,953.0,11.54535121,1798.0,23.09070242
514,619,2/13/23,2/13/23,2.0,1798,Pub,1795.0,0.0,0.0,6.0,-3267.606054814424,6452.56705940432,Pub,953.0,11.54535121,1798.0,23.09070242
515,619,2/13/23,2/14/23,3.0,1342,Pub,1312.0,0.0,0.0,1.0,-271.3160303970743,4985.574640487972,Pub,429.0,14.14003653,1342.0,42.420109589999996
516,619,2/14/23,2/14/23,0.0,1798,Pub,1745.0,0.0,0.0,6.0,-3209.738139187618,6557.838945386657,Pub,953.0,11.54535121,1798.0,0.0
517,619,2/14/23,2/14/23,0.0,1798,Pub,1766.0,0.0,0.0,4.0,-3209.738139187618,6522.748316725878,Pub,953.0,11.54535121,1798.0,0.0
518,619,2/14/23,2/14/23,0.0,1798,Pub,1795.0,0.0,0.0,6.0,-3267.606054814424,6452.56705940432,Pub,953.0,11.54535121,1798.0,0.0
519,619,2/14/23,2/14/23,3.0,1342,Pub,1312.0,0.0,0.0,1.0,-271.3160303970743,4985.574640487972,Pub,429.0,14.14003653,1342.0,42.420109589999996
520,619,2/14/23,2/14/23,2.0,1798,Pub,1745.0,0.0,0.0,6.0,-3209.738139187618,6557.838945386657,Pub,953.0,11.54535121,1798.0,23.09070242
521,619,2/14/23,2/14/23,2.0,1798,Pub,1766.0,0.0,0.0,4.0,-3209.738139187618,6522.748316725878,Pub,953.0,11.54535121,1798.0,23.09070242
522,619,2/14/23,2/14/23,2.0,1798,Pub,1795.0,0.0,0.0,6.0,-3267.606054814424,6452.56705940432,Pub,953.0,11.54535121,1798.0,23.09070242
523,619,2/14/23,2/14/23,1.0,1798,Pub,1745.0,0.0,0.0,6.0,-3209.738139187618,6557.838945386657,Pub,953.0,11.54535121,1798.0,11.54535121
524,619,2/14/23,2/14/23,1.0,1798,Pub,1766.0,0.0,0.0,4.0,-3209.738139187618,6522.748316725878,Pub,953.0,11.54535121,1798.0,11.54535121
525,619,2/14/23,2/14/23,1.0,1798,Pub,1795.0,0.0,0.0,6.0,-3267.606054814424,6452.56705940432,Pub,953.0,11.54535121,1798.0,11.54535121
526,619,2/15/23,2/15/23,1.0,1798,Pub,1745.0,0.0,0.0,6.0,-3209.738139187618,6557.838945386657,Pub,953.0,11.54535121,1798.0,11.54535121
527,619,2/15/23,2/15/23,1.0,1798,Pub,1766.0,0.0,0.0,4.0,-3209.738139187618,6522.748316725878,Pub,953.0,11.54535121,1798.0,11.54535121
528,619,2/15/23,2/15/23,1.0,1798,Pub,1795.0,0.0,0.0,6.0,-3267.606054814424,6452.56705940432,Pub,953.0,11.54535121,1798.0,11.54535121
529,619,2/15/23,2/15/23,1.0,1799,Pub,,,,,,,,,,,
530,619,2/15/23,2/15/23,0.0,1798,Pub,1745.0,0.0,0.0,6.0,-3209.738139187618,6557.838945386657,Pub,953.0,11.54535121,1798.0,0.0
531,619,2/15/23,2/15/23,0.0,1798,Pub,1766.0,0.0,0.0,4.0,-3209.738139187618,6522.748316725878,Pub,953.0,11.54535121,1798.0,0.0
532,619,2/15/23,2/15/23,0.0,1798,Pub,1795.0,0.0,0.0,6.0,-3267.606054814424,6452.56705940432,Pub,953.0,11.54535121,1798.0,0.0
533,619,2/15/23,2/15/23,1.0,1798,Pub,1745.0,0.0,0.0,6.0,-3209.738139187618,6557.838945386657,Pub,953.0,11.54535121,1798.0,11.54535121
534,619,2/15/23,2/15/23,1.0,1798,Pub,1766.0,0.0,0.0,4.0,-3209.738139187618,6522.748316725878,Pub,953.0,11.54535121,1798.0,11.54535121
535,619,2/15/23,2/15/23,1.0,1798,Pub,1795.0,0.0,0.0,6.0,-3267.606054814424,6452.56705940432,Pub,953.0,11.54535121,1798.0,11.54535121
536,619,2/15/23,2/15/23,1.0,1800,Pub,1738.0,0.0,0.0,2.0,-3796.1198513891923,6367.922072582076,Pub,627.0,10.20684548,1800.0,10.20684548
537,619,2/15/23,2/15/23,1.0,1800,Pub,1768.0,0.0,0.0,5.0,-3837.722151176433,6367.922072582076,Pub,627.0,10.20684548,1800.0,10.20684548
538,619,2/15/23,2/15/23,1.0,1800,Pub,1770.0,0.0,0.0,5.0,-3796.1198513891923,6330.793189700022,Pub,627.0,10.20684548,1800.0,10.20684548
539,619,2/17/23,2/17/23,2.0,1800,Pub,1738.0,0.0,0.0,2.0,-3796.1198513891923,6367.922072582076,Pub,627.0,10.20684548,1800.0,20.41369096
540,619,2/17/23,2/17/23,2.0,1800,Pub,1768.0,0.0,0.0,5.0,-3837.722151176433,6367.922072582076,Pub,627.0,10.20684548,1800.0,20.41369096
541,619,2/17/23,2/17/23,2.0,1800,Pub,1770.0,0.0,0.0,5.0,-3796.1198513891923,6330.793189700022,Pub,627.0,10.20684548,1800.0,20.41369096
542,619,2/17/23,2/17/23,1.0,1798,Pub,1745.0,0.0,0.0,6.0,-3209.738139187618,6557.838945386657,Pub,953.0,11.54535121,1798.0,11.54535121
543,619,2/17/23,2/17/23,1.0,1798,Pub,1766.0,0.0,0.0,4.0,-3209.738139187618,6522.748316725878,Pub,953.0,11.54535121,1798.0,11.54535121
544,619,2/17/23,2/17/23,1.0,1798,Pub,1795.0,0.0,0.0,6.0,-3267.606054814424,6452.56705940432,Pub,953.0,11.54535121,1798.0,11.54535121
545,619,2/17/23,2/18/23,1.0,1800,Pub,1738.0,0.0,0.0,2.0,-3796.1198513891923,6367.922072582076,Pub,627.0,10.20684548,1800.0,10.20684548
546,619,2/17/23,2/18/23,1.0,1800,Pub,1768.0,0.0,0.0,5.0,-3837.722151176433,6367.922072582076,Pub,627.0,10.20684548,1800.0,10.20684548
547,619,2/17/23,2/18/23,1.0,1800,Pub,1770.0,0.0,0.0,5.0,-3796.1198513891923,6330.793189700022,Pub,627.0,10.20684548,1800.0,10.20684548
548,619,2/18/23,2/18/23,1.0,1798,Pub,1745.0,0.0,0.0,6.0,-3209.738139187618,6557.838945386657,Pub,953.0,11.54535121,1798.0,11.54535121
549,619,2/18/23,2/18/23,1.0,1798,Pub,1766.0,0.0,0.0,4.0,-3209.738139187618,6522.748316725878,Pub,953.0,11.54535121,1798.0,11.54535121
550,619,2/18/23,2/18/23,1.0,1798,Pub,1795.0,0.0,0.0,6.0,-3267.606054814424,6452.56705940432,Pub,953.0,11.54535121,1798.0,11.54535121
551,619,2/18/23,2/18/23,1.0,1800,Pub,1738.0,0.0,0.0,2.0,-3796.1198513891923,6367.922072582076,Pub,627.0,10.20684548,1800.0,10.20684548
552,619,2/18/23,2/18/23,1.0,1800,Pub,1768.0,0.0,0.0,5.0,-3837.722151176433,6367.922072582076,Pub,627.0,10.20684548,1800.0,10.20684548
553,619,2/18/23,2/18/23,1.0,1800,Pub,1770.0,0.0,0.0,5.0,-3796.1198513891923,6330.793189700022,Pub,627.0,10.20684548,1800.0,10.20684548
554,619,2/18/23,2/18/23,2.0,1798,Pub,1745.0,0.0,0.0,6.0,-3209.738139187618,6557.838945386657,Pub,953.0,11.54535121,1798.0,23.09070242
555,619,2/18/23,2/18/23,2.0,1798,Pub,1766.0,0.0,0.0,4.0,-3209.738139187618,6522.748316725878,Pub,953.0,11.54535121,1798.0,23.09070242
556,619,2/18/23,2/18/23,2.0,1798,Pub,1795.0,0.0,0.0,6.0,-3267.606054814424,6452.56705940432,Pub,953.0,11.54535121,1798.0,23.09070242
557,619,2/19/23,2/19/23,1.0,1798,Pub,1745.0,0.0,0.0,6.0,-3209.738139187618,6557.838945386657,Pub,953.0,11.54535121,1798.0,11.54535121
558,619,2/19/23,2/19/23,1.0,1798,Pub,1766.0,0.0,0.0,4.0,-3209.738139187618,6522.748316725878,Pub,953.0,11.54535121,1798.0,11.54535121
559,619,2/19/23,2/19/23,1.0,1798,Pub,1795.0,0.0,0.0,6.0,-3267.606054814424,6452.56705940432,Pub,953.0,11.54535121,1798.0,11.54535121
560,619,2/19/23,2/19/23,2.0,1800,Pub,1738.0,0.0,0.0,2.0,-3796.1198513891923,6367.922072582076,Pub,627.0,10.20684548,1800.0,20.41369096
561,619,2/19/23,2/19/23,2.0,1800,Pub,1768.0,0.0,0.0,5.0,-3837.722151176433,6367.922072582076,Pub,627.0,10.20684548,1800.0,20.41369096
562,619,2/19/23,2/19/23,2.0,1800,Pub,1770.0,0.0,0.0,5.0,-3796.1198513891923,6330.793189700022,Pub,627.0,10.20684548,1800.0,20.41369096
563,619,2/19/23,2/20/23,2.0,1798,Pub,1745.0,0.0,0.0,6.0,-3209.738139187618,6557.838945386657,Pub,953.0,11.54535121,1798.0,23.09070242
564,619,2/19/23,2/20/23,2.0,1798,Pub,1766.0,0.0,0.0,4.0,-3209.738139187618,6522.748316725878,Pub,953.0,11.54535121,1798.0,23.09070242
565,619,2/19/23,2/20/23,2.0,1798,Pub,1795.0,0.0,0.0,6.0,-3267.606054814424,6452.56705940432,Pub,953.0,11.54535121,1798.0,23.09070242
566,619,3/2/23,3/2/23,2.0,1798,Pub,1745.0,0.0,0.0,6.0,-3209.738139187618,6557.838945386657,Pub,953.0,11.54535121,1798.0,23.09070242
567,619,3/2/23,3/2/23,2.0,1798,Pub,1766.0,0.0,0.0,4.0,-3209.738139187618,6522.748316725878,Pub,953.0,11.54535121,1798.0,23.09070242
568,619,3/2/23,3/2/23,2.0,1798,Pub,1795.0,0.0,0.0,6.0,-3267.606054814424,6452.56705940432,Pub,953.0,11.54535121,1798.0,23.09070242
569,619,3/2/23,3/2/23,2.0,1798,Pub,1745.0,0.0,0.0,6.0,-3209.738139187618,6557.838945386657,Pub,953.0,11.54535121,1798.0,23.09070242
570,619,3/2/23,3/2/23,2.0,1798,Pub,1766.0,0.0,0.0,4.0,-3209.738139187618,6522.748316725878,Pub,953.0,11.54535121,1798.0,23.09070242
571,619,3/2/23,3/2/23,2.0,1798,Pub,1795.0,0.0,0.0,6.0,-3267.606054814424,6452.56705940432,Pub,953.0,11.54535121,1798.0,23.09070242
572,619,3/2/23,3/2/23,0.0,1798,Pub,1745.0,0.0,0.0,6.0,-3209.738139187618,6557.838945386657,Pub,953.0,11.54535121,1798.0,0.0
573,619,3/2/23,3/2/23,0.0,1798,Pub,1766.0,0.0,0.0,4.0,-3209.738139187618,6522.748316725878,Pub,953.0,11.54535121,1798.0,0.0
574,619,3/2/23,3/2/23,0.0,1798,Pub,1795.0,0.0,0.0,6.0,-3267.606054814424,6452.56705940432,Pub,953.0,11.54535121,1798.0,0.0
575,619,3/2/23,3/3/23,2.0,1798,Pub,1745.0,0.0,0.0,6.0,-3209.738139187618,6557.838945386657,Pub,953.0,11.54535121,1798.0,23.09070242
576,619,3/2/23,3/3/23,2.0,1798,Pub,1766.0,0.0,0.0,4.0,-3209.738139187618,6522.748316725878,Pub,953.0,11.54535121,1798.0,23.09070242
577,619,3/2/23,3/3/23,2.0,1798,Pub,1795.0,0.0,0.0,6.0,-3267.606054814424,6452.56705940432,Pub,953.0,11.54535121,1798.0,23.09070242
578,619,3/5/23,3/5/23,1.0,1798,Pub,1745.0,0.0,0.0,6.0,-3209.738139187618,6557.838945386657,Pub,953.0,11.54535121,1798.0,11.54535121
579,619,3/5/23,3/5/23,1.0,1798,Pub,1766.0,0.0,0.0,4.0,-3209.738139187618,6522.748316725878,Pub,953.0,11.54535121,1798.0,11.54535121
580,619,3/5/23,3/5/23,1.0,1798,Pub,1795.0,0.0,0.0,6.0,-3267.606054814424,6452.56705940432,Pub,953.0,11.54535121,1798.0,11.54535121
581,619,3/5/23,3/5/23,1.0,1798,Pub,1745.0,0.0,0.0,6.0,-3209.738139187618,6557.838945386657,Pub,953.0,11.54535121,1798.0,11.54535121
582,619,3/5/23,3/5/23,1.0,1798,Pub,1766.0,0.0,0.0,4.0,-3209.738139187618,6522.748316725878,Pub,953.0,11.54535121,1798.0,11.54535121
583,619,3/5/23,3/5/23,1.0,1798,Pub,1795.0,0.0,0.0,6.0,-3267.606054814424,6452.56705940432,Pub,953.0,11.54535121,1798.0,11.54535121
584,619,3/5/23,3/5/23,1.0,1800,Pub,1738.0,0.0,0.0,2.0,-3796.1198513891923,6367.922072582076,Pub,627.0,10.20684548,1800.0,10.20684548
585,619,3/5/23,3/5/23,1.0,1800,Pub,1768.0,0.0,0.0,5.0,-3837.722151176433,6367.922072582076,Pub,627.0,10.20684548,1800.0,10.20684548
586,619,3/5/23,3/5/23,1.0,1800,Pub,1770.0,0.0,0.0,5.0,-3796.1198513891923,6330.793189700022,Pub,627.0,10.20684548,1800.0,10.20684548
587,619,3/5/23,3/6/23,2.0,1799,Pub,,,,,,,,,,,
588,619,3/13/23,3/13/23,1.0,1798,Pub,1745.0,0.0,0.0,6.0,-3209.738139187618,6557.838945386657,Pub,953.0,11.54535121,1798.0,11.54535121
589,619,3/13/23,3/13/23,1.0,1798,Pub,1766.0,0.0,0.0,4.0,-3209.738139187618,6522.748316725878,Pub,953.0,11.54535121,1798.0,11.54535121
590,619,3/13/23,3/13/23,1.0,1798,Pub,1795.0,0.0,0.0,6.0,-3267.606054814424,6452.56705940432,Pub,953.0,11.54535121,1798.0,11.54535121
591,619,3/13/23,3/13/23,1.0,1800,Pub,1738.0,0.0,0.0,2.0,-3796.1198513891923,6367.922072582076,Pub,627.0,10.20684548,1800.0,10.20684548
592,619,3/13/23,3/13/23,1.0,1800,Pub,1768.0,0.0,0.0,5.0,-3837.722151176433,6367.922072582076,Pub,627.0,10.20684548,1800.0,10.20684548
593,619,3/13/23,3/13/23,1.0,1800,Pub,1770.0,0.0,0.0,5.0,-3796.1198513891923,6330.793189700022,Pub,627.0,10.20684548,1800.0,10.20684548
594,619,3/13/23,3/14/23,3.0,1344,Pub,1331.0,0.0,0.0,2.0,-129.40600692752216,3983.3015893368247,Pub,585.0,10.41529315,1344.0,31.24587945
595,619,3/15/23,3/15/23,1.0,1344,Pub,1331.0,0.0,0.0,2.0,-129.40600692752216,3983.3015893368247,Pub,585.0,10.41529315,1344.0,10.41529315
596,619,3/15/23,3/15/23,2.0,1798,Pub,1745.0,0.0,0.0,6.0,-3209.738139187618,6557.838945386657,Pub,953.0,11.54535121,1798.0,23.09070242
597,619,3/15/23,3/15/23,2.0,1798,Pub,1766.0,0.0,0.0,4.0,-3209.738139187618,6522.748316725878,Pub,953.0,11.54535121,1798.0,23.09070242
598,619,3/15/23,3/15/23,2.0,1798,Pub,1795.0,0.0,0.0,6.0,-3267.606054814424,6452.56705940432,Pub,953.0,11.54535121,1798.0,23.09070242
599,619,3/15/23,3/15/23,1.0,1798,Pub,1745.0,0.0,0.0,6.0,-3209.738139187618,6557.838945386657,Pub,953.0,11.54535121,1798.0,11.54535121
600,619,3/15/23,3/15/23,1.0,1798,Pub,1766.0,0.0,0.0,4.0,-3209.738139187618,6522.748316725878,Pub,953.0,11.54535121,1798.0,11.54535121
601,619,3/15/23,3/15/23,1.0,1798,Pub,1795.0,0.0,0.0,6.0,-3267.606054814424,6452.56705940432,Pub,953.0,11.54535121,1798.0,11.54535121
602,619,3/15/23,3/15/23,2.0,1799,Pub,,,,,,,,,,,
603,619,3/16/23,3/16/23,3.0,1344,Pub,1331.0,0.0,0.0,2.0,-129.40600692752216,3983.3015893368247,Pub,585.0,10.41529315,1344.0,31.24587945
604,619,3/16/23,3/17/23,2.0,1798,Pub,1745.0,0.0,0.0,6.0,-3209.738139187618,6557.838945386657,Pub,953.0,11.54535121,1798.0,23.09070242
605,619,3/16/23,3/17/23,2.0,1798,Pub,1766.0,0.0,0.0,4.0,-3209.738139187618,6522.748316725878,Pub,953.0,11.54535121,1798.0,23.09070242
606,619,3/16/23,3/17/23,2.0,1798,Pub,1795.0,0.0,0.0,6.0,-3267.606054814424,6452.56705940432,Pub,953.0,11.54535121,1798.0,23.09070242
607,619,3/17/23,3/17/23,2.0,1798,Pub,1745.0,0.0,0.0,6.0,-3209.738139187618,6557.838945386657,Pub,953.0,11.54535121,1798.0,23.09070242
608,619,3/17/23,3/17/23,2.0,1798,Pub,1766.0,0.0,0.0,4.0,-3209.738139187618,6522.748316725878,Pub,953.0,11.54535121,1798.0,23.09070242
609,619,3/17/23,3/17/23,2.0,1798,Pub,1795.0,0.0,0.0,6.0,-3267.606054814424,6452.56705940432,Pub,953.0,11.54535121,1798.0,23.09070242
610,619,3/17/23,3/17/23,1.0,1798,Pub,1745.0,0.0,0.0,6.0,-3209.738139187618,6557.838945386657,Pub,953.0,11.54535121,1798.0,11.54535121
611,619,3/17/23,3/17/23,1.0,1798,Pub,1766.0,0.0,0.0,4.0,-3209.738139187618,6522.748316725878,Pub,953.0,11.54535121,1798.0,11.54535121
612,619,3/17/23,3/17/23,1.0,1798,Pub,1795.0,0.0,0.0,6.0,-3267.606054814424,6452.56705940432,Pub,953.0,11.54535121,1798.0,11.54535121
613,619,3/17/23,3/18/23,3.0,1798,Pub,1745.0,0.0,0.0,6.0,-3209.738139187618,6557.838945386657,Pub,953.0,11.54535121,1798.0,34.63605363
614,619,3/17/23,3/18/23,3.0,1798,Pub,1766.0,0.0,0.0,4.0,-3209.738139187618,6522.748316725878,Pub,953.0,11.54535121,1798.0,34.63605363
615,619,3/17/23,3/18/23,3.0,1798,Pub,1795.0,0.0,0.0,6.0,-3267.606054814424,6452.56705940432,Pub,953.0,11.54535121,1798.0,34.63605363
616,619,3/26/23,3/26/23,2.0,1798,Pub,1745.0,0.0,0.0,6.0,-3209.738139187618,6557.838945386657,Pub,953.0,11.54535121,1798.0,23.09070242
617,619,3/26/23,3/26/23,2.0,1798,Pub,1766.0,0.0,0.0,4.0,-3209.738139187618,6522.748316725878,Pub,953.0,11.54535121,1798.0,23.09070242
618,619,3/26/23,3/26/23,2.0,1798,Pub,1795.0,0.0,0.0,6.0,-3267.606054814424,6452.56705940432,Pub,953.0,11.54535121,1798.0,23.09070242
619,619,3/26/23,3/26/23,2.0,1798,Pub,1745.0,0.0,0.0,6.0,-3209.738139187618,6557.838945386657,Pub,953.0,11.54535121,1798.0,23.09070242
620,619,3/26/23,3/26/23,2.0,1798,Pub,1766.0,0.0,0.0,4.0,-3209.738139187618,6522.748316725878,Pub,953.0,11.54535121,1798.0,23.09070242
621,619,3/26/23,3/26/23,2.0,1798,Pub,1795.0,0.0,0.0,6.0,-3267.606054814424,6452.56705940432,Pub,953.0,11.54535121,1798.0,23.09070242
622,619,3/26/23,3/27/23,2.0,1798,Pub,1745.0,0.0,0.0,6.0,-3209.738139187618,6557.838945386657,Pub,953.0,11.54535121,1798.0,23.09070242
623,619,3/26/23,3/27/23,2.0,1798,Pub,1766.0,0.0,0.0,4.0,-3209.738139187618,6522.748316725878,Pub,953.0,11.54535121,1798.0,23.09070242
624,619,3/26/23,3/27/23,2.0,1798,Pub,1795.0,0.0,0.0,6.0,-3267.606054814424,6452.56705940432,Pub,953.0,11.54535121,1798.0,23.09070242
625,619,3/28/23,3/28/23,0.0,1798,Pub,1745.0,0.0,0.0,6.0,-3209.738139187618,6557.838945386657,Pub,953.0,11.54535121,1798.0,0.0
626,619,3/28/23,3/28/23,0.0,1798,Pub,1766.0,0.0,0.0,4.0,-3209.738139187618,6522.748316725878,Pub,953.0,11.54535121,1798.0,0.0
627,619,3/28/23,3/28/23,0.0,1798,Pub,1795.0,0.0,0.0,6.0,-3267.606054814424,6452.56705940432,Pub,953.0,11.54535121,1798.0,0.0
628,619,3/28/23,3/28/23,1.0,1798,Pub,1745.0,0.0,0.0,6.0,-3209.738139187618,6557.838945386657,Pub,953.0,11.54535121,1798.0,11.54535121
629,619,3/28/23,3/28/23,1.0,1798,Pub,1766.0,0.0,0.0,4.0,-3209.738139187618,6522.748316725878,Pub,953.0,11.54535121,1798.0,11.54535121
630,619,3/28/23,3/28/23,1.0,1798,Pub,1795.0,0.0,0.0,6.0,-3267.606054814424,6452.56705940432,Pub,953.0,11.54535121,1798.0,11.54535121
631,619,3/28/23,3/28/23,1.0,1800,Pub,1738.0,0.0,0.0,2.0,-3796.1198513891923,6367.922072582076,Pub,627.0,10.20684548,1800.0,10.20684548
632,619,3/28/23,3/28/23,1.0,1800,Pub,1768.0,0.0,0.0,5.0,-3837.722151176433,6367.922072582076,Pub,627.0,10.20684548,1800.0,10.20684548
633,619,3/28/23,3/28/23,1.0,1800,Pub,1770.0,0.0,0.0,5.0,-3796.1198513891923,6330.793189700022,Pub,627.0,10.20684548,1800.0,10.20684548
634,619,3/28/23,3/28/23,2.0,1798,Pub,1745.0,0.0,0.0,6.0,-3209.738139187618,6557.838945386657,Pub,953.0,11.54535121,1798.0,23.09070242
635,619,3/28/23,3/28/23,2.0,1798,Pub,1766.0,0.0,0.0,4.0,-3209.738139187618,6522.748316725878,Pub,953.0,11.54535121,1798.0,23.09070242
636,619,3/28/23,3/28/23,2.0,1798,Pub,1795.0,0.0,0.0,6.0,-3267.606054814424,6452.56705940432,Pub,953.0,11.54535121,1798.0,23.09070242
637,619,3/28/23,3/28/23,1.0,1800,Pub,1738.0,0.0,0.0,2.0,-3796.1198513891923,6367.922072582076,Pub,627.0,10.20684548,1800.0,10.20684548
638,619,3/28/23,3/28/23,1.0,1800,Pub,1768.0,0.0,0.0,5.0,-3837.722151176433,6367.922072582076,Pub,627.0,10.20684548,1800.0,10.20684548
639,619,3/28/23,3/28/23,1.0,1800,Pub,1770.0,0.0,0.0,5.0,-3796.1198513891923,6330.793189700022,Pub,627.0,10.20684548,1800.0,10.20684548
640,619,3/29/23,3/29/23,1.0,1798,Pub,1745.0,0.0,0.0,6.0,-3209.738139187618,6557.838945386657,Pub,953.0,11.54535121,1798.0,11.54535121
641,619,3/29/23,3/29/23,1.0,1798,Pub,1766.0,0.0,0.0,4.0,-3209.738139187618,6522.748316725878,Pub,953.0,11.54535121,1798.0,11.54535121
642,619,3/29/23,3/29/23,1.0,1798,Pub,1795.0,0.0,0.0,6.0,-3267.606054814424,6452.56705940432,Pub,953.0,11.54535121,1798.0,11.54535121
643,619,3/29/23,3/29/23,1.0,1798,Pub,1745.0,0.0,0.0,6.0,-3209.738139187618,6557.838945386657,Pub,953.0,11.54535121,1798.0,11.54535121
644,619,3/29/23,3/29/23,1.0,1798,Pub,1766.0,0.0,0.0,4.0,-3209.738139187618,6522.748316725878,Pub,953.0,11.54535121,1798.0,11.54535121
645,619,3/29/23,3/29/23,1.0,1798,Pub,1795.0,0.0,0.0,6.0,-3267.606054814424,6452.56705940432,Pub,953.0,11.54535121,1798.0,11.54535121
646,619,3/29/23,3/29/23,2.0,1798,Pub,1745.0,0.0,0.0,6.0,-3209.738139187618,6557.838945386657,Pub,953.0,11.54535121,1798.0,23.09070242
647,619,3/29/23,3/29/23,2.0,1798,Pub,1766.0,0.0,0.0,4.0,-3209.738139187618,6522.748316725878,Pub,953.0,11.54535121,1798.0,23.09070242
648,619,3/29/23,3/29/23,2.0,1798,Pub,1795.0,0.0,0.0,6.0,-3267.606054814424,6452.56705940432,Pub,953.0,11.54535121,1798.0,23.09070242
649,619,3/29/23,3/29/23,2.0,1798,Pub,1745.0,0.0,0.0,6.0,-3209.738139187618,6557.838945386657,Pub,953.0,11.54535121,1798.0,23.09070242
650,619,3/29/23,3/29/23,2.0,1798,Pub,1766.0,0.0,0.0,4.0,-3209.738139187618,6522.748316725878,Pub,953.0,11.54535121,1798.0,23.09070242
651,619,3/29/23,3/29/23,2.0,1798,Pub,1795.0,0.0,0.0,6.0,-3267.606054814424,6452.56705940432,Pub,953.0,11.54535121,1798.0,23.09070242
652,619,3/30/23,3/30/23,1.0,1799,Pub,,,,,,,,,,,
653,619,3/30/23,3/30/23,2.0,1798,Pub,1745.0,0.0,0.0,6.0,-3209.738139187618,6557.838945386657,Pub,953.0,11.54535121,1798.0,23.09070242
654,619,3/30/23,3/30/23,2.0,1798,Pub,1766.0,0.0,0.0,4.0,-3209.738139187618,6522.748316725878,Pub,953.0,11.54535121,1798.0,23.09070242
655,619,3/30/23,3/30/23,2.0,1798,Pub,1795.0,0.0,0.0,6.0,-3267.606054814424,6452.56705940432,Pub,953.0,11.54535121,1798.0,23.09070242
656,619,3/30/23,3/31/23,2.0,1798,Pub,1745.0,0.0,0.0,6.0,-3209.738139187618,6557.838945386657,Pub,953.0,11.54535121,1798.0,23.09070242
657,619,3/30/23,3/31/23,2.0,1798,Pub,1766.0,0.0,0.0,4.0,-3209.738139187618,6522.748316725878,Pub,953.0,11.54535121,1798.0,23.09070242
658,619,3/30/23,3/31/23,2.0,1798,Pub,1795.0,0.0,0.0,6.0,-3267.606054814424,6452.56705940432,Pub,953.0,11.54535121,1798.0,23.09070242
659,619,3/31/23,3/31/23,2.0,1798,Pub,1745.0,0.0,0.0,6.0,-3209.738139187618,6557.838945386657,Pub,953.0,11.54535121,1798.0,23.09070242
660,619,3/31/23,3/31/23,2.0,1798,Pub,1766.0,0.0,0.0,4.0,-3209.738139187618,6522.748316725878,Pub,953.0,11.54535121,1798.0,23.09070242
661,619,3/31/23,3/31/23,2.0,1798,Pub,1795.0,0.0,0.0,6.0,-3267.606054814424,6452.56705940432,Pub,953.0,11.54535121,1798.0,23.09070242
662,619,3/31/23,3/31/23,2.0,1798,Pub,1745.0,0.0,0.0,6.0,-3209.738139187618,6557.838945386657,Pub,953.0,11.54535121,1798.0,23.09070242
663,619,3/31/23,3/31/23,2.0,1798,Pub,1766.0,0.0,0.0,4.0,-3209.738139187618,6522.748316725878,Pub,953.0,11.54535121,1798.0,23.09070242
664,619,3/31/23,3/31/23,2.0,1798,Pub,1795.0,0.0,0.0,6.0,-3267.606054814424,6452.56705940432,Pub,953.0,11.54535121,1798.0,23.09070242
665,619,3/31/23,4/1/23,0.0,1342,Pub,1312.0,0.0,0.0,1.0,-271.3160303970743,4985.574640487972,Pub,429.0,14.14003653,1342.0,0.0
666,619,4/1/23,4/1/23,1.0,1342,Pub,1312.0,0.0,0.0,1.0,-271.3160303970743,4985.574640487972,Pub,429.0,14.14003653,1342.0,14.14003653
667,619,4/2/23,4/2/23,2.0,1800,Pub,1738.0,0.0,0.0,2.0,-3796.1198513891923,6367.922072582076,Pub,627.0,10.20684548,1800.0,20.41369096
668,619,4/2/23,4/2/23,2.0,1800,Pub,1768.0,0.0,0.0,5.0,-3837.722151176433,6367.922072582076,Pub,627.0,10.20684548,1800.0,20.41369096
669,619,4/2/23,4/2/23,2.0,1800,Pub,1770.0,0.0,0.0,5.0,-3796.1198513891923,6330.793189700022,Pub,627.0,10.20684548,1800.0,20.41369096
670,619,4/2/23,4/2/23,2.0,1800,Pub,1738.0,0.0,0.0,2.0,-3796.1198513891923,6367.922072582076,Pub,627.0,10.20684548,1800.0,20.41369096
671,619,4/2/23,4/2/23,2.0,1800,Pub,1768.0,0.0,0.0,5.0,-3837.722151176433,6367.922072582076,Pub,627.0,10.20684548,1800.0,20.41369096
672,619,4/2/23,4/2/23,2.0,1800,Pub,1770.0,0.0,0.0,5.0,-3796.1198513891923,6330.793189700022,Pub,627.0,10.20684548,1800.0,20.41369096
673,619,4/2/23,4/3/23,3.0,1344,Pub,1331.0,0.0,0.0,2.0,-129.40600692752216,3983.3015893368247,Pub,585.0,10.41529315,1344.0,31.24587945
674,619,4/10/23,4/10/23,1.0,1798,Pub,1745.0,0.0,0.0,6.0,-3209.738139187618,6557.838945386657,Pub,953.0,11.54535121,1798.0,11.54535121
675,619,4/10/23,4/10/23,1.0,1798,Pub,1766.0,0.0,0.0,4.0,-3209.738139187618,6522.748316725878,Pub,953.0,11.54535121,1798.0,11.54535121
676,619,4/10/23,4/10/23,1.0,1798,Pub,1795.0,0.0,0.0,6.0,-3267.606054814424,6452.56705940432,Pub,953.0,11.54535121,1798.0,11.54535121
677,619,4/10/23,4/10/23,2.0,1799,Pub,,,,,,,,,,,
678,619,4/10/23,4/11/23,2.0,1798,Pub,1745.0,0.0,0.0,6.0,-3209.738139187618,6557.838945386657,Pub,953.0,11.54535121,1798.0,23.09070242
679,619,4/10/23,4/11/23,2.0,1798,Pub,1766.0,0.0,0.0,4.0,-3209.738139187618,6522.748316725878,Pub,953.0,11.54535121,1798.0,23.09070242
680,619,4/10/23,4/11/23,2.0,1798,Pub,1795.0,0.0,0.0,6.0,-3267.606054814424,6452.56705940432,Pub,953.0,11.54535121,1798.0,23.09070242
681,619,4/19/23,4/19/23,1.0,1342,Pub,1312.0,0.0,0.0,1.0,-271.3160303970743,4985.574640487972,Pub,429.0,14.14003653,1342.0,14.14003653
682,619,4/19/23,4/19/23,2.0,1798,Pub,1745.0,0.0,0.0,6.0,-3209.738139187618,6557.838945386657,Pub,953.0,11.54535121,1798.0,23.09070242
683,619,4/19/23,4/19/23,2.0,1798,Pub,1766.0,0.0,0.0,4.0,-3209.738139187618,6522.748316725878,Pub,953.0,11.54535121,1798.0,23.09070242
684,619,4/19/23,4/19/23,2.0,1798,Pub,1795.0,0.0,0.0,6.0,-3267.606054814424,6452.56705940432,Pub,953.0,11.54535121,1798.0,23.09070242
685,619,4/19/23,4/19/23,2.0,1798,Pub,1745.0,0.0,0.0,6.0,-3209.738139187618,6557.838945386657,Pub,953.0,11.54535121,1798.0,23.09070242
686,619,4/19/23,4/19/23,2.0,1798,Pub,1766.0,0.0,0.0,4.0,-3209.738139187618,6522.748316725878,Pub,953.0,11.54535121,1798.0,23.09070242
687,619,4/19/23,4/19/23,2.0,1798,Pub,1795.0,0.0,0.0,6.0,-3267.606054814424,6452.56705940432,Pub,953.0,11.54535121,1798.0,23.09070242
688,619,4/19/23,4/19/23,2.0,1798,Pub,1745.0,0.0,0.0,6.0,-3209.738139187618,6557.838945386657,Pub,953.0,11.54535121,1798.0,23.09070242
689,619,4/19/23,4/19/23,2.0,1798,Pub,1766.0,0.0,0.0,4.0,-3209.738139187618,6522.748316725878,Pub,953.0,11.54535121,1798.0,23.09070242
690,619,4/19/23,4/19/23,2.0,1798,Pub,1795.0,0.0,0.0,6.0,-3267.606054814424,6452.56705940432,Pub,953.0,11.54535121,1798.0,23.09070242
691,619,4/20/23,4/20/23,2.0,1798,Pub,1745.0,0.0,0.0,6.0,-3209.738139187618,6557.838945386657,Pub,953.0,11.54535121,1798.0,23.09070242
692,619,4/20/23,4/20/23,2.0,1798,Pub,1766.0,0.0,0.0,4.0,-3209.738139187618,6522.748316725878,Pub,953.0,11.54535121,1798.0,23.09070242
693,619,4/20/23,4/20/23,2.0,1798,Pub,1795.0,0.0,0.0,6.0,-3267.606054814424,6452.56705940432,Pub,953.0,11.54535121,1798.0,23.09070242
694,619,4/20/23,4/20/23,2.0,1798,Pub,1745.0,0.0,0.0,6.0,-3209.738139187618,6557.838945386657,Pub,953.0,11.54535121,1798.0,23.09070242
695,619,4/20/23,4/20/23,2.0,1798,Pub,1766.0,0.0,0.0,4.0,-3209.738139187618,6522.748316725878,Pub,953.0,11.54535121,1798.0,23.09070242
696,619,4/20/23,4/20/23,2.0,1798,Pub,1795.0,0.0,0.0,6.0,-3267.606054814424,6452.56705940432,Pub,953.0,11.54535121,1798.0,23.09070242
697,619,4/20/23,4/21/23,2.0,1799,Pub,,,,,,,,,,,
698,619,5/1/23,5/1/23,1.0,1798,Pub,1745.0,0.0,0.0,6.0,-3209.738139187618,6557.838945386657,Pub,953.0,11.54535121,1798.0,11.54535121
699,619,5/1/23,5/1/23,1.0,1798,Pub,1766.0,0.0,0.0,4.0,-3209.738139187618,6522.748316725878,Pub,953.0,11.54535121,1798.0,11.54535121
700,619,5/1/23,5/1/23,1.0,1798,Pub,1795.0,0.0,0.0,6.0,-3267.606054814424,6452.56705940432,Pub,953.0,11.54535121,1798.0,11.54535121
701,619,5/1/23,5/1/23,2.0,1344,Pub,1331.0,0.0,0.0,2.0,-129.40600692752216,3983.3015893368247,Pub,585.0,10.41529315,1344.0,20.8305863
702,619,5/1/23,5/2/23,1.0,1798,Pub,1745.0,0.0,0.0,6.0,-3209.738139187618,6557.838945386657,Pub,953.0,11.54535121,1798.0,11.54535121
703,619,5/1/23,5/2/23,1.0,1798,Pub,1766.0,0.0,0.0,4.0,-3209.738139187618,6522.748316725878,Pub,953.0,11.54535121,1798.0,11.54535121
704,619,5/1/23,5/2/23,1.0,1798,Pub,1795.0,0.0,0.0,6.0,-3267.606054814424,6452.56705940432,Pub,953.0,11.54535121,1798.0,11.54535121
705,619,5/12/23,5/12/23,1.0,1800,Pub,1738.0,0.0,0.0,2.0,-3796.1198513891923,6367.922072582076,Pub,627.0,10.20684548,1800.0,10.20684548
706,619,5/12/23,5/12/23,1.0,1800,Pub,1768.0,0.0,0.0,5.0,-3837.722151176433,6367.922072582076,Pub,627.0,10.20684548,1800.0,10.20684548
707,619,5/12/23,5/12/23,1.0,1800,Pub,1770.0,0.0,0.0,5.0,-3796.1198513891923,6330.793189700022,Pub,627.0,10.20684548,1800.0,10.20684548
708,619,5/12/23,5/12/23,1.0,1800,Pub,1738.0,0.0,0.0,2.0,-3796.1198513891923,6367.922072582076,Pub,627.0,10.20684548,1800.0,10.20684548
709,619,5/12/23,5/12/23,1.0,1800,Pub,1768.0,0.0,0.0,5.0,-3837.722151176433,6367.922072582076,Pub,627.0,10.20684548,1800.0,10.20684548
710,619,5/12/23,5/12/23,1.0,1800,Pub,1770.0,0.0,0.0,5.0,-3796.1198513891923,6330.793189700022,Pub,627.0,10.20684548,1800.0,10.20684548
711,619,5/12/23,5/12/23,2.0,1798,Pub,1745.0,0.0,0.0,6.0,-3209.738139187618,6557.838945386657,Pub,953.0,11.54535121,1798.0,23.09070242
712,619,5/12/23,5/12/23,2.0,1798,Pub,1766.0,0.0,0.0,4.0,-3209.738139187618,6522.748316725878,Pub,953.0,11.54535121,1798.0,23.09070242
713,619,5/12/23,5/12/23,2.0,1798,Pub,1795.0,0.0,0.0,6.0,-3267.606054814424,6452.56705940432,Pub,953.0,11.54535121,1798.0,23.09070242
714,619,5/13/23,5/13/23,1.0,1798,Pub,1745.0,0.0,0.0,6.0,-3209.738139187618,6557.838945386657,Pub,953.0,11.54535121,1798.0,11.54535121
715,619,5/13/23,5/13/23,1.0,1798,Pub,1766.0,0.0,0.0,4.0,-3209.738139187618,6522.748316725878,Pub,953.0,11.54535121,1798.0,11.54535121
716,619,5/13/23,5/13/23,1.0,1798,Pub,1795.0,0.0,0.0,6.0,-3267.606054814424,6452.56705940432,Pub,953.0,11.54535121,1798.0,11.54535121
